0.00000000, 0.00000000, 0.00000000, 0.0000, 1, 0.00007486, 0
0.00000000, 0.00000000, -0.07000000, 0.0000, 2, 0.00516605, 0
0.00000000, 0.00000000, -0.07000000, 0.0000, 3, 0.01027584, 0
0.00000000, 0.00000000, -0.07000000, 0.0000, 4, 0.01540184, 0
0.00000000, 0.00000000, -0.07000000, 0.0000, 5, 0.02051997, 0
0.00000000, 0.00000000, -0.07000000, 0.0000, 6, 0.02563906, 0
0.00000000, 0.00000000, -0.07000000, 0.0000, 7, 0.03075600, 0
0.00000000, 0.00000000, -0.07000000, 0.0000, 8, 0.03587604, 0
0.00000000, 0.00000000, -0.07000000, 0.0000, 9, 0.04099798, 0
0.00000000, 0.00000000, -0.07000000, 0.0000, 10, 0.04609489, 0
0.00000000, 0.00000000, -0.07000000, 0.0000, 11, 0.05122089, 0
0.00000000, 0.00000000, -0.07000000, 0.0000, 12, 0.05634499, 0
0.00000000, 0.00000000, -0.07000000, 0.0000, 13, 0.06144285, 0
0.00000000, 0.00000000, -0.07000000, 0.0000, 14, 0.06656289, 0
0.00000000, 0.00000000, -0.07000000, 0.0000, 15, 0.07168698, 0
0.00000000, 0.00000000, -0.07000000, 0.0000, 16, 0.07680583, 0
0.00000000, 0.00000000, -0.07000000, 0.0000, 17, 0.08192086, 0
0.00000000, 0.00000000, -0.07000000, 0.0000, 18, 0.08703995, 0
0.00000000, 0.00000000, -0.07000000, 0.0000, 19, 0.09215903, 0
0.00000000, 0.00000000, -0.07000000, 0.0000, 20, 0.09727597, 0
0.00000000, 0.00000000, -0.07000000, 0.0000, 21, 0.10240102, 0
0.00000000, 0.00000000, -0.07000000, 0.0000, 22, 0.10751987, 0
0.00000000, 0.00000000, -0.07000000, 0.0000, 23, 0.11263990, 0
0.00000000, 0.00000000, -0.07000000, 0.0000, 24, 0.11775899, 0
0.00000000, 0.00000000, -0.07000000, 0.0000, 25, 0.12287593, 0
0.00000000, 0.00000000, -0.07000000, 0.0000, 26, 0.12799287, 0
0.00000000, 0.00000000, -0.07000000, 0.0000, 27, 0.13310885, 0
0.00000000, 0.00000000, -0.07000000, 0.0000, 28, 0.13822484, 0
0.00000000, 0.00000000, -0.07000000, 0.0000, 29, 0.14334202, 0
0.00000000, 0.00000000, -0.07000000, 0.0000, 30, 0.14845896, 0
0.00000000, 0.00000000, -0.07000000, 0.0000, 31, 0.15357590, 0
0.00000000, 0.00000000, -0.07000000, 0.0000, 32, 0.15869403, 0
0.00000000, 0.00000000, -0.07000000, 0.0000, 33, 0.16381001, 0
0.00000000, 0.00000000, -0.07000000, 0.0000, 34, 0.16892886, 0
0.00000000, 0.00000000, -0.07000000, 0.0000, 35, 0.17404890, 0
0.00000000, 0.00000000, -0.07000000, 0.0000, 36, 0.17916894, 0
0.00000000, 0.00000000, -0.07000000, 0.0000, 37, 0.18428898, 0
0.00000000, 0.00000000, -0.07000000, 0.0000, 38, 0.18940401, 0
0.00000000, 0.00000000, -0.07000000, 0.0000, 39, 0.19451785, 0
0.00000000, 0.00000000, -0.07000000, 0.0000, 40, 0.19963694, 0
0.00000000, 0.00000000, -0.07000000, 0.0000, 41, 0.20475292, 0
0.00000000, 0.00000000, -0.07000000, 0.0000, 42, 0.20986986, 0
0.00000000, 0.00000000, -0.07000000, 0.0000, 43, 0.21498704, 0
0.00000000, 0.00000000, -0.07000000, 0.0000, 44, 0.22010303, 0
0.00000000, 0.00000000, -0.07000000, 0.0000, 45, 0.22521996, 0
0.00000000, 0.00000000, -0.07000000, 0.0000, 46, 0.23033595, 0
0.00000000, 0.00000000, -0.07000000, 0.0000, 47, 0.23545194, 0
0.00000000, 0.00000000, -0.07000000, 0.0000, 48, 0.24057484, 0
0.00000000, 0.00000000, -0.07000000, 0.0000, 49, 0.24569798, 0
0.00000000, 0.00000000, -0.07000000, 0.0000, 50, 0.25082207, 0
0.00000000, 0.00000000, -0.07000000, 0.0000, 51, 0.25594497, 0
0.00000000, 0.00000000, -0.07000000, 0.0000, 52, 0.26106906, 0
0.00000000, 0.00000000, -0.07000000, 0.0000, 53, 0.26618695, 0
0.00000000, 0.00000000, -0.07000000, 0.0000, 54, 0.27130485, 0
0.00000000, 0.00000000, -0.07000000, 0.0000, 55, 0.27642703, 0
0.00000000, 0.00000000, -0.07000000, 0.0000, 56, 0.28154898, 0
0.00000000, 0.00000000, -0.07000000, 0.0000, 57, 0.28667498, 0
0.00000000, 0.00000000, -0.07000000, 0.0000, 58, 0.29179192, 0
0.00000000, 0.00000000, -0.07000000, 0.0000, 59, 0.29691386, 0
0.00000000, 0.00000000, -0.07000000, 0.0000, 60, 0.30203295, 0
0.00000000, 0.00000000, -0.07000000, 0.0000, 61, 0.30715203, 0
0.00000000, 0.00000000, -0.07000000, 0.0000, 62, 0.31226802, 0
0.00000000, 0.00000000, -0.07000000, 0.0000, 63, 0.31735301, 0
0.00000000, 0.00000000, -0.07000000, 0.0000, 64, 0.32246900, 0
0.00000000, 0.00000000, -0.07000000, 0.0000, 65, 0.32758594, 0
0.00000000, 0.00000000, -0.07000000, 0.0000, 66, 0.33270192, 0
0.00000000, 0.00000000, -0.07000000, 0.0000, 67, 0.33783007, 0
0.00000000, 0.00000000, -0.07000000, 0.0000, 68, 0.34294200, 0
0.00000000, 0.00000000, -0.07000000, 0.0000, 69, 0.34805393, 0
0.00000000, 0.00000000, -0.07000000, 0.0000, 70, 0.35316491, 0
0.00000000, 0.00000000, -0.07000000, 0.0000, 71, 0.35828185, 0
0.00000000, 0.00000000, -0.07000000, 0.0000, 72, 0.36339402, 0
0.00000000, 0.00000000, -0.07000000, 0.0000, 73, 0.36850595, 0
0.00000000, 0.00000000, -0.07000000, 0.0000, 74, 0.37361693, 0
0.00000000, 0.00000000, -0.07000000, 0.0000, 75, 0.37872887, 0
0.00000000, 0.00000000, -0.07000000, 0.0000, 76, 0.38384104, 0
0.00000000, 0.00000000, -0.07000000, 0.0000, 77, 0.38895297, 0
0.00000000, 0.00000000, -0.07000000, 0.0000, 78, 0.39407086, 0
0.00000000, 0.00000000, -0.07000000, 0.0000, 79, 0.39918184, 0
0.00000000, 0.00000000, -0.07000000, 0.0000, 80, 0.40429401, 0
0.00000000, 0.00000000, -0.07000000, 0.0000, 81, 0.40940499, 0
0.00000000, 0.00000000, -0.07000000, 0.0000, 82, 0.41452098, 0
0.00000000, 0.00000000, -0.07000000, 0.0000, 83, 0.41964006, 0
0.00000000, 0.00000000, -0.07000000, 0.0000, 84, 0.42475986, 0
0.00000000, 0.00000000, -0.07000000, 0.0000, 85, 0.42988086, 0
0.00000000, 0.00000000, -0.07000000, 0.0000, 86, 0.43499589, 0
0.00000000, 0.00000000, -0.07000000, 0.0000, 87, 0.44010901, 0
0.00000000, 0.00000000, -0.07000000, 0.0000, 88, 0.44522095, 0
0.00000000, 0.00000000, -0.07000000, 0.0000, 89, 0.45033503, 0
0.00000000, 0.00000000, -0.07000000, 0.0000, 90, 0.45544696, 0
0.00000000, 0.00000000, -0.07000000, 0.0000, 91, 0.46055889, 0
0.00000000, 0.00000000, -0.07000000, 0.0000, 92, 0.46568203, 0
0.00000000, 0.00000000, -0.07000000, 0.0000, 93, 0.47080588, 0
0.00000000, 0.00000000, -0.07000000, 0.0000, 94, 0.47592902, 0
0.00000000, 0.00000000, -0.07000000, 0.0000, 95, 0.48105192, 0
0.00000000, 0.00000000, -0.07000000, 0.0000, 96, 0.48617697, 0
0.00000000, 0.00000000, -0.07000000, 0.0000, 97, 0.49129105, 0
0.00000000, 0.00000000, -0.07000000, 0.0000, 98, 0.49640989, 0
0.00000000, 0.00000000, -0.07000000, 0.0000, 99, 0.50149488, 0
0.00000000, 0.00000000, -0.07000000, 0.0000, 100, 0.50680184, 0
0.00000000, 0.00000000, -0.07000000, 0.0000, 101, 0.51219487, 0
0.00000000, 0.00000000, -0.07000000, 0.0000, 102, 0.51751494, 0
0.00000000, 0.00000000, -0.07000000, 0.0000, 103, 0.52292204, 0
0.00000000, 0.00000000, -0.07000000, 0.0000, 104, 0.52821493, 0
0.00000000, 0.00000000, -0.07000000, 0.0000, 105, 0.53352785, 0
0.00000000, 0.00000000, -0.07000000, 0.0000, 106, 0.53893304, 0
0.00000000, 0.00000000, -0.07000000, 0.0000, 107, 0.54432392, 0
0.00000000, 0.00000000, -0.07000000, 0.0000, 108, 0.54949093, 0
0.00000000, 0.00000000, -0.07000000, 0.0000, 109, 0.55489087, 0
0.00000000, 0.00000000, -0.07000000, 0.0000, 110, 0.56025290, 0
0.00000000, 0.00000000, -0.07000000, 0.0000, 111, 0.56552196, 0
0.00000000, 0.00000000, -0.07000000, 0.0000, 112, 0.57070684, 0
0.00000000, 0.00000000, -0.07000000, 0.0000, 113, 0.57603192, 0
0.00000000, 0.00000000, -0.07000000, 0.0000, 114, 0.58137083, 0
0.00000000, 0.00000000, -0.07000000, 0.0000, 115, 0.58677101, 0
0.00000000, 0.00000000, -0.07000000, 0.0000, 116, 0.59202790, 0
0.00000000, 0.00000000, -0.07000000, 0.0000, 117, 0.59740901, 0
0.00000000, 0.00000000, -0.07000000, 0.0000, 118, 0.60284090, 0
0.00000000, 0.00000000, -0.07000000, 0.0000, 119, 0.60818386, 0
0.00000000, 0.00000000, -0.07000000, 0.0000, 120, 0.61351490, 0
0.00000000, 0.00000000, -0.07000000, 0.0000, 121, 0.61891699, 0
0.00000000, 0.00000000, -0.07000000, 0.0000, 122, 0.62425685, 0
0.00000000, 0.00000000, -0.07000000, 0.0000, 123, 0.62977791, 0
0.00000000, 0.00000000, -0.07000000, 0.0000, 124, 0.63516402, 0
0.00000000, 0.00000000, -0.07000000, 0.0000, 125, 0.64055204, 0
0.00000000, 0.00000000, -0.07000000, 0.0000, 126, 0.64604402, 0
0.00000000, 0.00000000, -0.07000000, 0.0000, 127, 0.65138102, 0
0.00000000, 0.00000000, -0.07000000, 0.0000, 128, 0.65669703, 0
0.00000000, 0.00000000, -0.07000000, 0.0000, 129, 0.66204286, 0
0.00000000, 0.00000000, -0.07000000, 0.0000, 130, 0.66738391, 0
0.00000000, 0.00000000, -0.07000000, 0.0000, 131, 0.67292404, 0
0.00000000, 0.00000000, -0.07000000, 0.0000, 132, 0.67833495, 0
0.00000000, 0.00000000, -0.07000000, 0.0000, 133, 0.68367100, 0
0.00000000, 0.00000000, -0.07000000, 0.0000, 134, 0.68915892, 0
0.00000000, 0.00000000, -0.07000000, 0.0000, 135, 0.69467187, 0
0.00000000, 0.00000000, -0.07000000, 0.0000, 136, 0.70000792, 0
0.00000000, 0.00000000, -0.07000000, 0.0000, 137, 0.70549393, 0
0.00000000, 0.00000000, -0.07000000, 0.0000, 138, 0.71083188, 0
0.00000000, 0.00000000, -0.07000000, 0.0000, 139, 0.71618199, 0
0.00000000, 0.00000000, -0.07000000, 0.0000, 140, 0.72167587, 0
0.00000000, 0.00000000, -0.07000000, 0.0000, 141, 0.72707295, 0
0.00000000, 0.00000000, -0.07000000, 0.0000, 142, 0.73240900, 0
0.00000000, 0.00000000, -0.07000000, 0.0000, 143, 0.73790288, 0
0.00000000, 0.00000000, -0.07000000, 0.0000, 144, 0.74324203, 0
0.00000000, 0.00000000, -0.07000000, 0.0000, 145, 0.74872303, 0
0.00000000, 0.00000000, -0.07000000, 0.0000, 146, 0.75413299, 0
0.00000000, 0.00000000, -0.07000000, 0.0000, 147, 0.75944901, 0
0.00000000, 0.00000000, -0.07000000, 0.0000, 148, 0.76489091, 0
0.00000000, 0.00000000, -0.07000000, 0.0000, 149, 0.77030206, 0
0.00000000, 0.00000000, -0.07000000, 0.0000, 150, 0.77563906, 0
0.00000000, 0.00000000, -0.07000000, 0.0000, 151, 0.78105903, 0
0.00000000, 0.00000000, -0.07000000, 0.0000, 152, 0.78651094, 0
0.00000000, 0.00000000, -0.07000000, 0.0000, 153, 0.79184794, 0
0.00000000, 0.00000000, -0.07000000, 0.0000, 154, 0.79723191, 0
0.00000000, 0.00000000, -0.07000000, 0.0000, 155, 0.80272603, 0
0.00000000, 0.00000000, -0.07000000, 0.0000, 156, 0.80806303, 0
0.00000000, 0.00000000, -0.07000000, 0.0000, 157, 0.81341004, 0
0.00000000, 0.00000000, -0.07000000, 0.0000, 158, 0.81881094, 0
0.00000000, 0.00000000, -0.07000000, 0.0000, 159, 0.82414699, 0
0.00000000, 0.00000000, -0.07000000, 0.0000, 160, 0.82954884, 0
0.00000000, 0.00000000, -0.07000000, 0.0000, 161, 0.83488393, 0
0.00000000, 0.00000000, -0.07000000, 0.0000, 162, 0.84036589, 0
0.00000000, 0.00000000, -0.07000000, 0.0000, 163, 0.84575295, 0
0.00000000, 0.00000000, -0.07000000, 0.0000, 164, 0.85107088, 0
0.00000000, 0.00000000, -0.07000000, 0.0000, 165, 0.85634899, 0
0.00000000, 0.00000000, -0.07000000, 0.0000, 166, 0.86172390, 0
0.00000000, 0.00000000, -0.07000000, 0.0000, 167, 0.86706185, 0
0.00000000, 0.00000000, -0.07000000, 0.0000, 168, 0.87254500, 0
0.00000000, 0.00000000, -0.07000000, 0.0000, 169, 0.87793994, 0
0.00000000, 0.00000000, -0.07000000, 0.0000, 170, 0.88327789, 0
0.00000000, 0.00000000, -0.07000000, 0.0000, 171, 0.88876605, 0
0.00000000, 0.00000000, -0.07000000, 0.0000, 172, 0.89423490, 0
0.00000000, 0.00000000, -0.07000000, 0.0000, 173, 0.89957285, 0
0.00000000, 0.00000000, -0.07000000, 0.0000, 174, 0.90506887, 0
0.00000000, 0.00000000, -0.07000000, 0.0000, 175, 0.91046000, 0
0.00000000, 0.00000000, -0.07000000, 0.0000, 176, 0.91579890, 0
0.00000000, 0.00000000, -0.07000000, 0.0000, 177, 0.92113185, 0
0.00000000, 0.00000000, -0.07000000, 0.0000, 178, 0.92653584, 0
0.00000000, 0.00000000, -0.07000000, 0.0000, 179, 0.93198800, 0
0.00000000, 0.00000000, -0.07000000, 0.0000, 180, 0.93747807, 0
0.00000000, 0.00000000, -0.07000000, 0.0000, 181, 0.94279599, 0
0.00000000, 0.00000000, -0.07000000, 0.0000, 182, 0.94822884, 0
0.00000000, 0.00000000, -0.07000000, 0.0000, 183, 0.95370007, 0
0.00000000, 0.00000000, -0.07000000, 0.0000, 184, 0.95903707, 0
0.00000000, 0.00000000, -0.07000000, 0.0000, 185, 0.96444583, 0
0.00000000, 0.00000000, -0.07000000, 0.0000, 186, 0.96989989, 0
0.00000000, 0.00000000, -0.07000000, 0.0000, 187, 0.97523689, 0
0.00000000, 0.00000000, -0.07000000, 0.0000, 188, 0.98061490, 0
0.00000000, 0.00000000, -0.07000000, 0.0000, 189, 0.98604989, 0
0.00000000, 0.00000000, -0.07000000, 0.0000, 190, 0.99138284, 0
0.00000000, 0.00000000, -0.07000000, 0.0000, 191, 0.99685287, 0
0.00000000, 0.00000000, -0.07000000, 0.0000, 192, 1.00225401, 0
0.00000000, 0.00000000, -0.07000000, 0.0000, 193, 1.00759006, 0
0.00000000, 0.00000000, -0.07000000, 0.0000, 194, 1.01303887, 0
0.00000000, 0.00000000, -0.07000000, 0.0000, 195, 1.01841998, 0
0.00000000, 0.00000000, -0.07000000, 0.0000, 196, 1.02391386, 0
0.00000000, 0.00000000, -0.07000000, 0.0000, 197, 1.02925491, 0
0.00000000, 0.00000000, -0.07000000, 0.0000, 198, 1.03459406, 0
0.00000000, 0.00000000, -0.07000000, 0.0000, 199, 1.03986192, 0
0.00000000, 0.00000000, -0.07000000, 0.0000, 200, 1.04535604, 0
0.00000000, 0.00000000, -0.07000000, 0.0000, 201, 1.05069804, 0
0.00000000, 0.00000000, -0.07000000, 0.0000, 202, 1.05601692, 0
0.00000000, 0.00000000, -0.07000000, 0.0000, 203, 1.06134105, 0
0.00000000, 0.00000000, -0.07000000, 0.0000, 204, 1.06660891, 0
0.00000000, 0.00000000, -0.07000000, 0.0000, 205, 1.07188892, 0
0.00000000, 0.00000000, -0.07000000, 0.0000, 206, 1.07716703, 0
0.00000000, 0.00000000, -0.07000000, 0.0000, 207, 1.08248687, 0
0.00000000, 0.00000000, -0.07000000, 0.0000, 208, 1.08776689, 0
0.00000000, 0.00000000, -0.07000000, 0.0000, 209, 1.09303093, 0
0.00000000, 0.00000000, -0.07000000, 0.0000, 210, 1.09830499, 0
0.00000000, 0.00000000, -0.07000000, 0.0000, 211, 1.10356998, 0
0.00000000, 0.00000000, -0.07000000, 0.0000, 212, 1.10881090, 0
0.00000000, 0.00000000, -0.07000000, 0.0000, 213, 1.11407495, 0
0.00000000, 0.00000000, -0.07000000, 0.0000, 214, 1.11933804, 0
0.00000000, 0.00000000, -0.07000000, 0.0000, 215, 1.12459588, 0
0.00000000, 0.00000000, -0.07000000, 0.0000, 216, 1.12986302, 0
0.00000000, 0.00000000, -0.07000000, 0.0000, 217, 1.13511586, 0
0.00000000, 0.00000000, -0.07000000, 0.0000, 218, 1.14037800, 0
0.00000000, 0.00000000, -0.07000000, 0.0000, 219, 1.14562201, 0
0.00000000, 0.00000000, -0.07000000, 0.0000, 220, 1.15085387, 0
0.00000000, 0.00000000, -0.07000000, 0.0000, 221, 1.15610099, 0
0.00000000, 0.00000000, -0.07000000, 0.0000, 222, 1.16136503, 0
0.00000000, 0.00000000, -0.07000000, 0.0000, 223, 1.16660905, 0
0.00000000, 0.00000000, -0.07000000, 0.0000, 224, 1.17187691, 0
0.00000000, 0.00000000, -0.07000000, 0.0000, 225, 1.17713690, 0
0.00000000, 0.00000000, -0.07000000, 0.0000, 226, 1.18237591, 0
0.00000000, 0.00000000, -0.07000000, 0.0000, 227, 1.18763399, 0
0.00000000, 0.00000000, -0.07000000, 0.0000, 228, 1.19289684, 0
0.00000000, 0.00000000, -0.07000000, 0.0000, 229, 1.19814205, 0
0.00000000, 0.00000000, -0.07000000, 0.0000, 230, 1.20355296, 0
0.00000000, 0.00000000, -0.07000000, 0.0000, 231, 1.20888090, 0
0.00000000, 0.00000000, -0.07000000, 0.0000, 232, 1.21426988, 0
0.00000000, 0.00000000, -0.07000000, 0.0000, 233, 1.21971107, 0
0.00000000, 0.00000000, -0.07000000, 0.0000, 234, 1.22504807, 0
0.00000000, 0.00000000, -0.07000000, 0.0000, 235, 1.23039389, 0
0.00000000, 0.00000000, -0.07000000, 0.0000, 236, 1.23571706, 0
0.00000000, 0.00000000, -0.07000000, 0.0000, 237, 1.24102187, 0
0.00000000, 0.00000000, -0.07000000, 0.0000, 238, 1.24629188, 0
0.00000000, 0.00000000, -0.07000000, 0.0000, 239, 1.25157785, 0
0.00000000, 0.00000000, -0.07000000, 0.0000, 240, 1.25685501, 0
0.00000000, 0.00000000, -0.07000000, 0.0000, 241, 1.26212788, 0
0.00000000, 0.00000000, -0.07000000, 0.0000, 242, 1.26737595, 0
0.00000000, 0.00000000, -0.07000000, 0.0000, 243, 1.27265406, 0
0.00000000, 0.00000000, -0.07000000, 0.0000, 244, 1.27792001, 0
0.00000000, 0.00000000, -0.07000000, 0.0000, 245, 1.28317595, 0
0.00000000, 0.00000000, -0.07000000, 0.0000, 246, 1.28844285, 0
0.00000000, 0.00000000, -0.07000000, 0.0000, 247, 1.29370785, 0
0.00000000, 0.00000000, -0.07000000, 0.0000, 248, 1.29896092, 0
0.00000000, 0.00000000, -0.07000000, 0.0000, 249, 1.30422997, 0
0.00000000, 0.00000000, -0.07000000, 0.0000, 250, 1.30949306, 0
0.00000000, 0.00000000, -0.07000000, 0.0000, 251, 1.31475496, 0
0.00000000, 0.00000000, -0.07000000, 0.0000, 252, 1.32001805, 0
0.00000000, 0.00000000, -0.07000000, 0.0000, 253, 1.32524991, 0
0.00000000, 0.00000000, -0.07000000, 0.0000, 254, 1.33054686, 0
0.00000000, 0.00000000, -0.07000000, 0.0000, 255, 1.33580184, 0
0.00000000, 0.00000000, -0.07000000, 0.0000, 256, 1.34104991, 0
0.00000000, 0.00000000, -0.07000000, 0.0000, 257, 1.34631705, 0
0.00000000, 0.00000000, -0.07000000, 0.0000, 258, 1.35157394, 0
0.00000000, 0.00000000, -0.07000000, 0.0000, 259, 1.35688591, 0
0.00000000, 0.00000000, -0.07000000, 0.0000, 260, 1.36215401, 0
0.00000000, 0.00000000, -0.07000000, 0.0000, 261, 1.36739898, 0
0.00000000, 0.00000000, -0.07000000, 0.0000, 262, 1.37266302, 0
0.00000000, 0.00000000, -0.07000000, 0.0000, 263, 1.37792706, 0
0.00000000, 0.00000000, -0.07000000, 0.0000, 264, 1.38318396, 0
0.00000000, 0.00000000, -0.07000000, 0.0000, 265, 1.38844991, 0
0.00000000, 0.00000000, -0.07000000, 0.0000, 266, 1.39371586, 0
0.00000000, 0.00000000, -0.07000000, 0.0000, 267, 1.39897704, 0
0.00000000, 0.00000000, -0.07000000, 0.0000, 268, 1.40424585, 0
0.00000000, 0.00000000, -0.07000000, 0.0000, 269, 1.40950990, 0
0.00000000, 0.00000000, -0.07000000, 0.0000, 270, 1.41478896, 0
0.00000000, 0.00000000, -0.07000000, 0.0000, 271, 1.42005301, 0
0.00000000, 0.00000000, -0.07000000, 0.0000, 272, 1.42532587, 0
0.00000000, 0.00000000, -0.07000000, 0.0000, 273, 1.43057203, 0
0.00000000, 0.00000000, -0.07000000, 0.0000, 274, 1.43584394, 0
0.00000000, 0.00000000, -0.07000000, 0.0000, 275, 1.44109893, 0
0.00000000, 0.00000000, -0.07000000, 0.0000, 276, 1.44636798, 0
0.00000000, 0.00000000, -0.07000000, 0.0000, 277, 1.45163989, 0
0.00000000, 0.00000000, -0.07000000, 0.0000, 278, 1.45689392, 0
0.00000000, 0.00000000, -0.07000000, 0.0000, 279, 1.46215606, 0
0.00000000, 0.00000000, -0.07000000, 0.0000, 280, 1.46738791, 0
0.00000000, 0.00000000, -0.07000000, 0.0000, 281, 1.47266102, 0
0.00000000, 0.00000000, -0.07000000, 0.0000, 282, 1.47792387, 0
0.00000000, 0.00000000, -0.07000000, 0.0000, 283, 1.48315907, 0
0.00000000, 0.00000000, -0.07000000, 0.0000, 284, 1.48843193, 0
0.00000000, 0.00000000, -0.07000000, 0.0000, 285, 1.49369693, 0
0.00000000, 0.00000000, -0.07000000, 0.0000, 286, 1.49892592, 0
0.00000000, 0.00000000, -0.07000000, 0.0000, 287, 1.50419402, 0
0.00000000, 0.00000000, -0.07000000, 0.0000, 288, 1.50943804, 0
0.00000000, 0.00000000, -0.07000000, 0.0000, 289, 1.51470304, 0
0.00000000, 0.00000000, -0.07000000, 0.0000, 290, 1.51995587, 0
0.00000000, 0.00000000, -0.07000000, 0.0000, 291, 1.52519584, 0
0.00000000, 0.00000000, -0.07000000, 0.0000, 292, 1.53049088, 0
0.00000000, 0.00000000, -0.07000000, 0.0000, 293, 1.53576303, 0
0.00000000, 0.00000000, -0.07000000, 0.0000, 294, 1.54099584, 0
0.00000000, 0.00000000, -0.07000000, 0.0000, 295, 1.54626203, 0
0.00000000, 0.00000000, -0.07000000, 0.0000, 296, 1.55152893, 0
0.00000000, 0.00000000, -0.07000000, 0.0000, 297, 1.55680799, 0
0.00000000, 0.00000000, -0.07000000, 0.0000, 298, 1.56207204, 0
0.00000000, 0.00000000, -0.07000000, 0.0000, 299, 1.56730294, 0
0.00000000, 0.00000000, -0.07000000, 0.0000, 300, 1.57257605, 0
0.00000000, 0.00000000, -0.07000000, 0.0000, 301, 1.57783890, 0
0.00000000, 0.00000000, -0.07000000, 0.0000, 302, 1.58307195, 0
0.00000000, 0.00000000, -0.07000000, 0.0000, 303, 1.58834505, 0
0.00000000, 0.00000000, -0.07000000, 0.0000, 304, 1.59360600, 0
0.00000000, 0.00000000, -0.07000000, 0.0000, 305, 1.59884095, 0
0.00000000, 0.00000000, -0.07000000, 0.0000, 306, 1.60410404, 0
0.00000000, 0.00000000, -0.07000000, 0.0000, 307, 1.60933495, 0
0.00000000, 0.00000000, -0.07000000, 0.0000, 308, 1.61460686, 0
0.00000000, 0.00000000, -0.07000000, 0.0000, 309, 1.61987090, 0
0.00000000, 0.00000000, -0.07000000, 0.0000, 310, 1.62510204, 0
0.00000000, 0.00000000, -0.07000000, 0.0000, 311, 1.63039303, 0
0.00000000, 0.00000000, -0.07000000, 0.0000, 312, 1.63565493, 0
0.00000000, 0.00000000, -0.07000000, 0.0000, 313, 1.64088583, 0
0.00000000, 0.00000000, -0.07000000, 0.0000, 314, 1.64614797, 0
0.00000000, 0.00000000, -0.07000000, 0.0000, 315, 1.65141201, 0
0.00000000, 0.00000000, -0.07000000, 0.0000, 316, 1.65667295, 0
0.00000000, 0.00000000, -0.07000000, 0.0000, 317, 1.66201591, 0
0.00000000, 0.00000000, -0.07000000, 0.0000, 318, 1.66734195, 0
0.00000000, 0.00000000, -0.07000000, 0.0000, 319, 1.67282104, 0
0.00000000, 0.00000000, -0.07000000, 0.0000, 320, 1.67826486, 0
0.00000000, 0.00000000, -0.07000000, 0.0000, 321, 1.68360090, 0
0.00000000, 0.00000000, -0.07000000, 0.0000, 322, 1.68908906, 0
0.00000000, 0.00000000, -0.07000000, 0.0000, 323, 1.69454288, 0
0.00000000, 0.00000000, -0.07000000, 0.0000, 324, 1.69984698, 0
0.00000000, 0.00000000, -0.07000000, 0.0000, 325, 1.70512891, 0
0.00000000, 0.00000000, -0.07000000, 0.0000, 326, 1.71040487, 0
0.00000000, 0.00000000, -0.07000000, 0.0000, 327, 1.71567202, 0
0.00000000, 0.00000000, -0.07000000, 0.0000, 328, 1.72094989, 0
0.00000000, 0.00000000, -0.07000000, 0.0000, 329, 1.72621489, 0
0.00000000, 0.00000000, -0.07000000, 0.0000, 330, 1.73149300, 0
0.00000000, 0.00000000, -0.07000000, 0.0000, 331, 1.73676705, 0
0.00000000, 0.00000000, -0.07000000, 0.0000, 332, 1.74200606, 0
0.00000000, 0.00000000, -0.07000000, 0.0000, 333, 1.74727893, 0
0.00000000, 0.00000000, -0.07000000, 0.0000, 334, 1.75253296, 0
0.00000000, 0.00000000, -0.07000000, 0.0000, 335, 1.75777388, 0
0.00000000, 0.00000000, -0.07000000, 0.0000, 336, 1.76316786, 0
0.00000000, 0.00000000, -0.07000000, 0.0000, 337, 1.76847887, 0
0.00000000, 0.00000000, -0.07000000, 0.0000, 338, 1.77387285, 0
0.00000000, 0.00000000, -0.07000000, 0.0000, 339, 1.77933383, 0
0.00000000, 0.00000000, -0.07000000, 0.0000, 340, 1.78466892, 0
0.00000000, 0.00000000, -0.07000000, 0.0000, 341, 1.79015589, 0
0.00000000, 0.00000000, -0.07000000, 0.0000, 342, 1.79565096, 0
0.00000000, 0.00000000, -0.07000000, 0.0000, 343, 1.80097985, 0
0.00000000, 0.00000000, -0.07000000, 0.0000, 344, 1.80647206, 0
0.00000000, 0.00000000, -0.07000000, 0.0000, 345, 1.81193304, 0
0.00000000, 0.00000000, -0.07000000, 0.0000, 346, 1.81727099, 0
0.00000000, 0.00000000, -0.07000000, 0.0000, 347, 1.82282901, 0
0.00000000, 0.00000000, -0.07000000, 0.0000, 348, 1.82827592, 0
0.00000000, 0.00000000, -0.07000000, 0.0000, 349, 1.83361506, 0
0.00000000, 0.00000000, -0.07000000, 0.0000, 350, 1.83910298, 0
0.00000000, 0.00000000, -0.07000000, 0.0000, 351, 1.84453106, 0
0.00000000, 0.00000000, -0.07000000, 0.0000, 352, 1.84986901, 0
0.00000000, 0.00000000, -0.07000000, 0.0000, 353, 1.85528684, 0
0.00000000, 0.00000000, -0.07000000, 0.0000, 354, 1.86069703, 0
0.00000000, 0.00000000, -0.07000000, 0.0000, 355, 1.86603498, 0
0.00000000, 0.00000000, -0.07000000, 0.0000, 356, 1.87136793, 0
0.00000000, 0.00000000, -0.07000000, 0.0000, 357, 1.87672591, 0
0.00000000, 0.00000000, -0.07000000, 0.0000, 358, 1.88212991, 0
0.00000000, 0.00000000, -0.07000000, 0.0000, 359, 1.88762689, 0
0.00000000, 0.00000000, -0.07000000, 0.0000, 360, 1.89296389, 0
0.00000000, 0.00000000, -0.07000000, 0.0000, 361, 1.89836597, 0
0.00000000, 0.00000000, -0.07000000, 0.0000, 362, 1.90384007, 0
0.00000000, 0.00000000, -0.07000000, 0.0000, 363, 1.90918088, 0
0.00000000, 0.00000000, -0.07000000, 0.0000, 364, 1.91462302, 0
0.00000000, 0.00000000, -0.07000000, 0.0000, 365, 1.92003393, 0
0.00000000, 0.00000000, -0.07000000, 0.0000, 366, 1.92562699, 0
0.00000000, 0.00000000, -0.07000000, 0.0000, 367, 1.93097091, 0
0.00000000, 0.00000000, -0.07000000, 0.0000, 368, 1.93641186, 0
0.00000000, 0.00000000, -0.07000000, 0.0000, 369, 1.94174790, 0
0.00000000, 0.00000000, -0.07000000, 0.0000, 370, 1.94723701, 0
0.00000000, 0.00000000, -0.07000000, 0.0000, 371, 1.95266104, 0
0.00000000, 0.00000000, -0.07000000, 0.0000, 372, 1.95799899, 0
0.00000000, 0.00000000, -0.07000000, 0.0000, 373, 1.96349287, 0
0.00000000, 0.00000000, -0.07000000, 0.0000, 374, 1.96889091, 0
0.00000000, 0.00000000, -0.07000000, 0.0000, 375, 1.97423196, 0
0.00000000, 0.00000000, -0.07000000, 0.0000, 376, 1.97972798, 0
0.00000000, 0.00000000, -0.07000000, 0.0000, 377, 1.98505402, 0
0.00000000, 0.00000000, -0.07000000, 0.0000, 378, 1.99045706, 0
0.00000000, 0.00000000, -0.07000000, 0.0000, 379, 1.99595284, 0
0.00000000, 0.00000000, -0.07000000, 0.0000, 380, 2.00134897, 0
0.00000000, 0.00000000, -0.07000000, 0.0000, 381, 2.00678396, 0
0.00000000, 0.00000000, -0.07000000, 0.0000, 382, 2.01221895, 0
0.00000000, 0.00000000, -0.07000000, 0.0000, 383, 2.01754999, 0
0.00000000, 0.00000000, -0.07000000, 0.0000, 384, 2.02298403, 0
0.00000000, 0.00000000, -0.07000000, 0.0000, 385, 2.02844000, 0
0.00000000, 0.00000000, -0.07000000, 0.0000, 386, 2.03377700, 0
0.00000000, 0.00000000, -0.07000000, 0.0000, 387, 2.03931499, 0
0.00000000, 0.00000000, -0.07000000, 0.0000, 388, 2.04475498, 0
0.00000000, 0.00000000, -0.07000000, 0.0000, 389, 2.05009294, 0
0.00000000, 0.00000000, -0.07000000, 0.0000, 390, 2.05557990, 0
0.00000000, 0.00000000, -0.07000000, 0.0000, 391, 2.06100106, 0
0.00000000, 0.00000000, -0.07000000, 0.0000, 392, 2.06634498, 0
0.00000000, 0.00000000, -0.07000000, 0.0000, 393, 2.07183790, 0
0.00000000, 0.00000000, -0.07000000, 0.0000, 394, 2.07723594, 0
0.00000000, 0.00000000, -0.07000000, 0.0000, 395, 2.08264184, 0
0.00000000, 0.00000000, -0.07000000, 0.0000, 396, 2.08814287, 0
0.00000000, 0.00000000, -0.07000000, 0.0000, 397, 2.09347796, 0
0.00000000, 0.00000000, -0.07000000, 0.0000, 398, 2.09892106, 0
0.00000000, 0.00000000, -0.07000000, 0.0000, 399, 2.10441184, 0
0.00000000, 0.00000000, -0.07000000, 0.0000, 400, 2.10974693, 0
0.00000000, 0.00000000, -0.07000000, 0.0000, 401, 2.11514497, 0
0.00000000, 0.00000000, -0.07000000, 0.0000, 402, 2.12062407, 0
0.00000000, 0.00000000, -0.07000000, 0.0000, 403, 2.12595987, 0
0.00000000, 0.00000000, -0.07000000, 0.0000, 404, 2.13128686, 0
0.00000000, 0.00000000, -0.07000000, 0.0000, 405, 2.13673997, 0
0.00000000, 0.00000000, -0.07000000, 0.0000, 406, 2.14207792, 0
0.00000000, 0.00000000, -0.07000000, 0.0000, 407, 2.14758086, 0
0.00000000, 0.00000000, -0.07000000, 0.0000, 408, 2.15301490, 0
0.00000000, 0.00000000, -0.07000000, 0.0000, 409, 2.15835404, 0
0.00000000, 0.00000000, -0.07000000, 0.0000, 410, 2.16384101, 0
0.00000000, 0.00000000, -0.07000000, 0.0000, 411, 2.16926384, 0
0.00000000, 0.00000000, -0.07000000, 0.0000, 412, 2.17466688, 0
0.00000000, 0.00000000, -0.07000000, 0.0000, 413, 2.18016791, 0
0.00000000, 0.00000000, -0.07000000, 0.0000, 414, 2.18556690, 0
0.00000000, 0.00000000, -0.07000000, 0.0000, 415, 2.19090486, 0
0.00000000, 0.00000000, -0.07000000, 0.0000, 416, 2.19640088, 0
0.00000000, 0.00000000, -0.07000000, 0.0000, 417, 2.20172906, 0
0.00000000, 0.00000000, -0.07000000, 0.0000, 418, 2.20706487, 0
0.00000000, 0.00000000, -0.07000000, 0.0000, 419, 2.21253800, 0
0.00000000, 0.00000000, -0.07000000, 0.0000, 420, 2.21787596, 0
0.00000000, 0.00000000, -0.07000000, 0.0000, 421, 2.22332907, 0
0.00000000, 0.00000000, -0.07000000, 0.0000, 422, 2.22866392, 0
0.00000000, 0.00000000, -0.07000000, 0.0000, 423, 2.23398304, 0
0.00000000, 0.00000000, -0.07000000, 0.0000, 424, 2.23925090, 0
0.00000000, 0.00000000, -0.07000000, 0.0000, 425, 2.24450898, 0
0.00000000, 0.00000000, -0.07000000, 0.0000, 426, 2.24976492, 0
0.00000000, 0.00000000, -0.07000000, 0.0000, 427, 2.25503087, 0
0.00000000, 0.00000000, -0.07000000, 0.0000, 428, 2.26029587, 0
0.00000000, 0.00000000, -0.07000000, 0.0000, 429, 2.26556301, 0
0.00000000, 0.00000000, -0.07000000, 0.0000, 430, 2.27084184, 0
0.00000000, 0.00000000, -0.07000000, 0.0000, 431, 2.27611303, 0
0.00000000, 0.00000000, -0.07000000, 0.0000, 432, 2.28141594, 0
0.00000000, 0.00000000, -0.07000000, 0.0000, 433, 2.28668189, 0
0.00000000, 0.00000000, -0.07000000, 0.0000, 434, 2.29192305, 0
0.00000000, 0.00000000, -0.07000000, 0.0000, 435, 2.29718900, 0
0.00000000, 0.00000000, -0.07000000, 0.0000, 436, 2.30250597, 0
0.00000000, 0.00000000, -0.07000000, 0.0000, 437, 2.30776095, 0
0.00000000, 0.00000000, -0.07000000, 0.0000, 438, 2.31303000, 0
0.00000000, 0.00000000, -0.07000000, 0.0000, 439, 2.31829500, 0
0.00000000, 0.00000000, -0.07000000, 0.0000, 440, 2.32356191, 0
0.00000000, 0.00000000, -0.07000000, 0.0000, 441, 2.32882500, 0
0.00000000, 0.00000000, -0.07000000, 0.0000, 442, 2.33405805, 0
0.00000000, 0.00000000, -0.07000000, 0.0000, 443, 2.33932590, 0
0.00000000, 0.00000000, -0.07000000, 0.0000, 444, 2.34458899, 0
0.00000000, 0.00000000, -0.07000000, 0.0000, 445, 2.34983301, 0
0.00000000, 0.00000000, -0.07000000, 0.0000, 446, 2.35507798, 0
0.00000000, 0.00000000, -0.07000000, 0.0000, 447, 2.36031294, 0
0.00000000, 0.00000000, -0.07000000, 0.0000, 448, 2.36554790, 0
0.00000000, 0.00000000, -0.07000000, 0.0000, 449, 2.37081599, 0
0.00000000, 0.00000000, -0.07000000, 0.0000, 450, 2.37610102, 0
0.00000000, 0.00000000, -0.07000000, 0.0000, 451, 2.38140202, 0
0.00000000, 0.00000000, -0.07000000, 0.0000, 452, 2.38667107, 0
0.00000000, 0.00000000, -0.07000000, 0.0000, 453, 2.39191484, 0
0.00000000, 0.00000000, -0.07000000, 0.0000, 454, 2.39718390, 0
0.00000000, 0.00000000, -0.07000000, 0.0000, 455, 2.40249085, 0
0.00000000, 0.00000000, -0.07000000, 0.0000, 456, 2.40774298, 0
0.00000000, 0.00000000, -0.07000000, 0.0000, 457, 2.41301894, 0
0.00000000, 0.00000000, -0.07000000, 0.0000, 458, 2.41828203, 0
0.00000000, 0.00000000, -0.07000000, 0.0000, 459, 2.42354798, 0
0.00000000, 0.00000000, -0.07000000, 0.0000, 460, 2.42882299, 0
0.00000000, 0.00000000, -0.07000000, 0.0000, 461, 2.43405986, 0
0.00000000, 0.00000000, -0.07000000, 0.0000, 462, 2.43933797, 0
0.00000000, 0.00000000, -0.07000000, 0.0000, 463, 2.44461203, 0
0.00000000, 0.00000000, -0.07000000, 0.0000, 464, 2.44985294, 0
0.00000000, 0.00000000, -0.07000000, 0.0000, 465, 2.45512104, 0
0.00000000, 0.00000000, -0.07000000, 0.0000, 466, 2.46038294, 0
0.00000000, 0.00000000, -0.07000000, 0.0000, 467, 2.46564102, 0
0.00000000, 0.00000000, -0.07000000, 0.0000, 468, 2.47090697, 0
0.00000000, 0.00000000, -0.07000000, 0.0000, 469, 2.47617698, 0
0.00000000, 0.00000000, -0.07000000, 0.0000, 470, 2.48143291, 0
0.00000000, 0.00000000, -0.07000000, 0.0000, 471, 2.48669791, 0
0.00000000, 0.00000000, -0.07000000, 0.0000, 472, 2.49193883, 0
0.00000000, 0.00000000, -0.07000000, 0.0000, 473, 2.49720693, 0
0.00000000, 0.00000000, -0.07000000, 0.0000, 474, 2.50251198, 0
0.00000000, 0.00000000, -0.07000000, 0.0000, 475, 2.50775290, 0
0.00000000, 0.00000000, -0.07000000, 0.0000, 476, 2.51302004, 0
0.00000000, 0.00000000, -0.07000000, 0.0000, 477, 2.51827383, 0
0.00000000, 0.00000000, -0.07000000, 0.0000, 478, 2.52355385, 0
0.00000000, 0.00000000, -0.07000000, 0.0000, 479, 2.52881694, 0
0.00000000, 0.00000000, -0.07000000, 0.0000, 480, 2.53405285, 0
0.00000000, 0.00000000, -0.07000000, 0.0000, 481, 2.53932095, 0
0.00000000, 0.00000000, -0.07000000, 0.0000, 482, 2.54458594, 0
0.00000000, 0.00000000, -0.07000000, 0.0000, 483, 2.54982686, 0
0.00000000, 0.00000000, -0.07000000, 0.0000, 484, 2.55509806, 0
0.00000000, 0.00000000, -0.07000000, 0.0000, 485, 2.56036186, 0
0.00000000, 0.00000000, -0.07000000, 0.0000, 486, 2.56560302, 0
0.00000000, 0.00000000, -0.07000000, 0.0000, 487, 2.57087183, 0
0.00000000, 0.00000000, -0.07000000, 0.0000, 488, 2.57611704, 0
0.00000000, 0.00000000, -0.07000000, 0.0000, 489, 2.58134890, 0
0.00000000, 0.00000000, -0.07000000, 0.0000, 490, 2.58660793, 0
0.00000000, 0.00000000, -0.07000000, 0.0000, 491, 2.59184003, 0
0.00000000, 0.00000000, -0.07000000, 0.0000, 492, 2.59711289, 0
0.00000000, 0.00000000, -0.07000000, 0.0000, 493, 2.60237885, 0
0.00000000, 0.00000000, -0.07000000, 0.0000, 494, 2.60762095, 0
0.00000000, 0.00000000, -0.07000000, 0.0000, 495, 2.61288595, 0
0.00000000, 0.00000000, -0.07000000, 0.0000, 496, 2.61817384, 0
0.00000000, 0.00000000, -0.07000000, 0.0000, 497, 2.62344193, 0
0.00000000, 0.00000000, -0.07000000, 0.0000, 498, 2.62870693, 0
0.00000000, 0.00000000, -0.07000000, 0.0000, 499, 2.63394284, 0
0.00000000, 0.00000000, -0.07000000, 0.0000, 500, 2.63921285, 0
0.00000000, 0.00000000, -0.07000000, 0.0000, 501, 2.64447784, 0
0.00000000, 0.00000000, -0.07000000, 0.0000, 502, 2.64971995, 0
0.00000000, 0.00000000, -0.07000000, 0.0000, 503, 2.65498900, 0
0.00000000, 0.00000000, -0.07000000, 0.0000, 504, 2.66025996, 0
0.00000000, 0.00000000, -0.07000000, 0.0000, 505, 2.66546583, 0
0.00000000, 0.00000000, -0.07000000, 0.0000, 506, 2.67072892, 0
0.00000000, 0.00000000, -0.07000000, 0.0000, 507, 2.67598200, 0
0.00000000, 0.00000000, -0.07000000, 0.0000, 508, 2.68125105, 0
0.00000000, 0.00000000, -0.07000000, 0.0000, 509, 2.68655801, 0
0.00000000, 0.00000000, -0.07000000, 0.0000, 510, 2.69179988, 0
0.00000000, 0.00000000, -0.07000000, 0.0000, 511, 2.69706893, 0
0.00000000, 0.00000000, -0.07000000, 0.0000, 512, 2.70233583, 0
0.00000000, 0.00000000, -0.07000000, 0.0000, 513, 2.70758104, 0
0.00000000, 0.00000000, -0.07000000, 0.0000, 514, 2.71285200, 0
0.00000000, 0.00000000, -0.07000000, 0.0000, 515, 2.71812606, 0
0.00000000, 0.00000000, -0.07000000, 0.0000, 516, 2.72339892, 0
0.00000000, 0.00000000, -0.07000000, 0.0000, 517, 2.72866488, 0
0.00000000, 0.00000000, -0.07000000, 0.0000, 518, 2.73390794, 0
0.00000000, 0.00000000, -0.07000000, 0.0000, 519, 2.73917603, 0
0.00000000, 0.00000000, -0.07000000, 0.0000, 520, 2.74444103, 0
0.00000000, 0.00000000, -0.07000000, 0.0000, 521, 2.74968290, 0
0.00000000, 0.00000000, -0.07000000, 0.0000, 522, 2.75494885, 0
0.00000000, 0.00000000, -0.07000000, 0.0000, 523, 2.76021290, 0
0.00000000, 0.00000000, -0.07000000, 0.0000, 524, 2.76542187, 0
0.00000000, 0.00000000, -0.07000000, 0.0000, 525, 2.77068806, 0
0.00000000, 0.00000000, -0.07000000, 0.0000, 526, 2.77594090, 0
0.00000000, 0.00000000, -0.07000000, 0.0000, 527, 2.78120494, 0
0.00000000, 0.00000000, -0.07000000, 0.0000, 528, 2.78651690, 0
0.00000000, 0.00000000, -0.07000000, 0.0000, 529, 2.79175997, 0
0.00000000, 0.00000000, -0.07000000, 0.0000, 530, 2.79696083, 0
0.00000000, 0.00000000, -0.07000000, 0.0000, 531, 2.80222797, 0
0.00000000, 0.00000000, -0.07000000, 0.0000, 532, 2.80746889, 0
0.00000000, 0.00000000, -0.07000000, 0.0000, 533, 2.81273484, 0
0.00000000, 0.00000000, -0.07000000, 0.0000, 534, 2.81798887, 0
0.00000000, 0.00000000, -0.07000000, 0.0000, 535, 2.82325602, 0
0.00000000, 0.00000000, -0.07000000, 0.0000, 536, 2.82852101, 0
0.00000000, 0.00000000, -0.07000000, 0.0000, 537, 2.83376694, 0
0.00000000, 0.00000000, -0.07000000, 0.0000, 538, 2.83903599, 0
0.00000000, 0.00000000, -0.07000000, 0.0000, 539, 2.84430099, 0
0.00000000, 0.00000000, -0.07000000, 0.0000, 540, 2.84954596, 0
0.00000000, 0.00000000, -0.07000000, 0.0000, 541, 2.85475898, 0
0.00000000, 0.00000000, -0.07000000, 0.0000, 542, 2.86005592, 0
0.00000000, 0.00000000, -0.07000000, 0.0000, 543, 2.86534095, 0
0.00000000, 0.00000000, -0.07000000, 0.0000, 544, 2.87084794, 0
0.00000000, 0.00000000, -0.07000000, 0.0000, 545, 2.87616706, 0
0.00000000, 0.00000000, -0.07000000, 0.0000, 546, 2.88163495, 0
0.00000000, 0.00000000, -0.07000000, 0.0000, 547, 2.88698506, 0
0.00000000, 0.00000000, -0.07000000, 0.0000, 548, 2.89228702, 0
0.00000000, 0.00000000, -0.07000000, 0.0000, 549, 2.89756799, 0
0.00000000, 0.00000000, -0.07000000, 0.0000, 550, 2.90284491, 0
0.00000000, 0.00000000, -0.07000000, 0.0000, 551, 2.90809584, 0
0.00000000, 0.00000000, -0.07000000, 0.0000, 552, 2.91337705, 0
0.00000000, 0.00000000, -0.07000000, 0.0000, 553, 2.91865396, 0
0.00000000, 0.00000000, -0.07000000, 0.0000, 554, 2.92393684, 0
0.00000000, 0.00000000, -0.07000000, 0.0000, 555, 2.92920303, 0
0.00000000, 0.00000000, -0.07000000, 0.0000, 556, 2.93450093, 0
0.00000000, 0.00000000, -0.07000000, 0.0000, 557, 2.93976784, 0
0.00000000, 0.00000000, -0.07000000, 0.0000, 558, 2.94503403, 0
0.00000000, 0.00000000, -0.07000000, 0.0000, 559, 2.95027804, 0
0.00000000, 0.00000000, -0.07000000, 0.0000, 560, 2.95554805, 0
0.00000000, 0.00000000, -0.07000000, 0.0000, 561, 2.96081185, 0
0.00000000, 0.00000000, -0.07000000, 0.0000, 562, 2.96605086, 0
0.00000000, 0.00000000, -0.07000000, 0.0000, 563, 2.97130895, 0
0.00000000, 0.00000000, -0.07000000, 0.0000, 564, 2.97656298, 0
0.00000000, 0.00000000, -0.07000000, 0.0000, 565, 2.98181701, 0
0.00000000, 0.00000000, -0.07000000, 0.0000, 566, 2.98708487, 0
0.00000000, 0.00000000, -0.07000000, 0.0000, 567, 2.99233198, 0
0.00000000, 0.00000000, -0.07000000, 0.0000, 568, 2.99753094, 0
0.00000000, 0.00000000, -0.07000000, 0.0000, 569, 3.00280285, 0
0.00000000, 0.00000000, -0.07000000, 0.0000, 570, 3.00803494, 0
0.00000000, 0.00000000, -0.07000000, 0.0000, 571, 3.01333904, 0
0.00000000, 0.00000000, -0.07000000, 0.0000, 572, 3.01869893, 0
0.00000000, 0.00000000, -0.07000000, 0.0000, 573, 3.02411699, 0
0.00000000, 0.00000000, -0.07000000, 0.0000, 574, 3.02943897, 0
0.00000000, 0.00000000, -0.07000000, 0.0000, 575, 3.03473306, 0
0.00000000, 0.00000000, -0.07000000, 0.0000, 576, 3.04017091, 0
0.00000000, 0.00000000, -0.07000000, 0.0000, 577, 3.04552603, 0
0.00000000, 0.00000000, -0.07000000, 0.0000, 578, 3.05086994, 0
0.00000000, 0.00000000, -0.07000000, 0.0000, 579, 3.05640602, 0
0.00000000, 0.00000000, -0.07000000, 0.0000, 580, 3.06175494, 0
0.00000000, 0.00000000, -0.07000000, 0.0000, 581, 3.06705594, 0
0.00000000, 0.00000000, -0.07000000, 0.0000, 582, 3.07233596, 0
0.00000000, 0.00000000, -0.07000000, 0.0000, 583, 3.07761598, 0
0.00000000, 0.00000000, -0.07000000, 0.0000, 584, 3.08286691, 0
0.00000000, 0.00000000, -0.07000000, 0.0000, 585, 3.08814597, 0
0.00000000, 0.00000000, -0.07000000, 0.0000, 586, 3.09342289, 0
0.00000000, 0.00000000, -0.07000000, 0.0000, 587, 3.09867406, 0
0.00000000, 0.00000000, -0.07000000, 0.0000, 588, 3.10394192, 0
0.00000000, 0.00000000, -0.07000000, 0.0000, 589, 3.10919499, 0
0.00000000, 0.00000000, -0.07000000, 0.0000, 590, 3.11450696, 0
0.00000000, 0.00000000, -0.07000000, 0.0000, 591, 3.11973405, 0
0.00000000, 0.00000000, -0.07000000, 0.0000, 592, 3.12508106, 0
0.00000000, 0.00000000, -0.07000000, 0.0000, 593, 3.13057494, 0
0.00000000, 0.00000000, -0.07000000, 0.0000, 594, 3.13597703, 0
0.00000000, 0.00000000, -0.07000000, 0.0000, 595, 3.14137101, 0
0.00000000, 0.00000000, -0.07000000, 0.0000, 596, 3.14673305, 0
0.00000000, 0.00000000, -0.07000000, 0.0000, 597, 3.15196991, 0
0.00000000, 0.00000000, -0.07000000, 0.0000, 598, 3.15724993, 0
0.00000000, 0.00000000, -0.07000000, 0.0000, 599, 3.16259193, 0
0.00000000, 0.00000000, -0.07000000, 0.0000, 600, 3.16786098, 0
0.00000000, 0.00000000, -0.07000000, 0.0000, 601, 3.17326188, 0
0.00000000, 0.00000000, -0.07000000, 0.0000, 602, 3.17879987, 0
0.00000000, 0.00000000, -0.07000000, 0.0000, 603, 3.18410206, 0
0.00000000, 0.00000000, -0.07000000, 0.0000, 604, 3.18960190, 0
0.00000000, 0.00000000, -0.07000000, 0.0000, 605, 3.19504285, 0
0.00000000, 0.00000000, -0.07000000, 0.0000, 606, 3.20038199, 0
0.00000000, 0.00000000, -0.07000000, 0.0000, 607, 3.20569587, 0
0.00000000, 0.00000000, -0.07000000, 0.0000, 608, 3.21096206, 0
0.00000000, 0.00000000, -0.07000000, 0.0000, 609, 3.21624994, 0
0.00000000, 0.00000000, -0.07000000, 0.0000, 610, 3.22151184, 0
0.00000000, 0.00000000, -0.07000000, 0.0000, 611, 3.22677398, 0
0.00000000, 0.00000000, -0.07000000, 0.0000, 612, 3.23207188, 0
0.00000000, 0.00000000, -0.07000000, 0.0000, 613, 3.23735785, 0
0.00000000, 0.00000000, -0.07000000, 0.0000, 614, 3.24265695, 0
0.00000000, 0.00000000, -0.07000000, 0.0000, 615, 3.24813294, 0
0.00000000, 0.00000000, -0.07000000, 0.0000, 616, 3.25358796, 0
0.00000000, 0.00000000, -0.07000000, 0.0000, 617, 3.25892806, 0
0.00000000, 0.00000000, -0.07000000, 0.0000, 618, 3.26425886, 0
0.00000000, 0.00000000, -0.07000000, 0.0000, 619, 3.26952696, 0
0.00000000, 0.00000000, -0.07000000, 0.0000, 620, 3.27478099, 0
0.00000000, 0.00000000, -0.07000000, 0.0000, 621, 3.28006196, 0
0.00000000, 0.00000000, -0.07000000, 0.0000, 622, 3.28533792, 0
0.00000000, 0.00000000, -0.07000000, 0.0000, 623, 3.29062486, 0
0.00000000, 0.00000000, -0.07000000, 0.0000, 624, 3.29589486, 0
0.00000000, 0.00000000, -0.07000000, 0.0000, 625, 3.30114794, 0
0.00000000, 0.00000000, -0.07000000, 0.0000, 626, 3.30641699, 0
0.00000000, 0.00000000, -0.07000000, 0.0000, 627, 3.31168294, 0
0.00000000, 0.00000000, -0.07000000, 0.0000, 628, 3.31692791, 0
0.00000000, 0.00000000, -0.07000000, 0.0000, 629, 3.32219696, 0
0.00000000, 0.00000000, -0.07000000, 0.0000, 630, 3.32746196, 0
0.00000000, 0.00000000, -0.07000000, 0.0000, 631, 3.33270407, 0
0.00000000, 0.00000000, -0.07000000, 0.0000, 632, 3.33797288, 0
0.00000000, 0.00000000, -0.07000000, 0.0000, 633, 3.34326386, 0
0.00000000, 0.00000000, -0.07000000, 0.0000, 634, 3.34850788, 0
0.00000000, 0.00000000, -0.07000000, 0.0000, 635, 3.35377789, 0
0.00000000, 0.00000000, -0.07000000, 0.0000, 636, 3.35897994, 0
0.00000000, 0.00000000, -0.07000000, 0.0000, 637, 3.36423898, 0
0.00000000, 0.00000000, -0.07000000, 0.0000, 638, 3.36951184, 0
0.00000000, 0.00000000, -0.07000000, 0.0000, 639, 3.37475395, 0
0.00000000, 0.00000000, -0.07000000, 0.0000, 640, 3.38002300, 0
0.00000000, 0.00000000, -0.07000000, 0.0000, 641, 3.38527894, 0
0.00000000, 0.00000000, -0.07000000, 0.0000, 642, 3.39058805, 0
0.00000000, 0.00000000, -0.07000000, 0.0000, 643, 3.39589500, 0
0.00000000, 0.00000000, -0.07000000, 0.0000, 644, 3.40112305, 0
0.00000000, 0.00000000, -0.07000000, 0.0000, 645, 3.40668392, 0
0.00000000, 0.00000000, -0.07000000, 0.0000, 646, 3.41213989, 0
0.00000000, 0.00000000, -0.07000000, 0.0000, 647, 3.41747904, 0
0.00000000, 0.00000000, -0.07000000, 0.0000, 648, 3.42294884, 0
0.00000000, 0.00000000, -0.07000000, 0.0000, 649, 3.42839003, 0
0.00000000, 0.00000000, -0.07000000, 0.0000, 650, 3.43372798, 0
0.00000000, 0.00000000, -0.07000000, 0.0000, 651, 3.43921804, 0
0.00000000, 0.00000000, -0.07000000, 0.0000, 652, 3.44456291, 0
0.00000000, 0.00000000, -0.07000000, 0.0000, 653, 3.44986606, 0
0.00000000, 0.00000000, -0.07000000, 0.0000, 654, 3.45514798, 0
0.00000000, 0.00000000, -0.07000000, 0.0000, 655, 3.46040702, 0
0.00000000, 0.00000000, -0.07000000, 0.0000, 656, 3.46566606, 0
0.00000000, 0.00000000, -0.07000000, 0.0000, 657, 3.47097301, 0
0.00000000, 0.00000000, -0.07000000, 0.0000, 658, 3.47618985, 0
0.00000000, 0.00000000, -0.07000000, 0.0000, 659, 3.48145986, 0
0.00000000, 0.00000000, -0.07000000, 0.0000, 660, 3.48674798, 0
0.00000000, 0.00000000, -0.07000000, 0.0000, 661, 3.49199104, 0
0.00000000, 0.00000000, -0.07000000, 0.0000, 662, 3.49725890, 0
0.00000000, 0.00000000, -0.07000000, 0.0000, 663, 3.50256205, 0
0.00000000, 0.00000000, -0.07000000, 0.0000, 664, 3.50780797, 0
0.00000000, 0.00000000, -0.07000000, 0.0000, 665, 3.51306891, 0
0.00000000, 0.00000000, -0.07000000, 0.0000, 666, 3.51829100, 0
0.00000000, 0.00000000, -0.07000000, 0.0000, 667, 3.52367306, 0
0.00000000, 0.00000000, -0.07000000, 0.0000, 668, 3.52882886, 0
0.00000000, 0.00000000, -0.07000000, 0.0000, 669, 3.53412795, 0
0.00000000, 0.00000000, -0.07000000, 0.0000, 670, 3.53944683, 0
0.00000000, 0.00000000, -0.07000000, 0.0000, 671, 3.54478502, 0
0.00000000, 0.00000000, -0.07000000, 0.0000, 672, 3.55011606, 0
0.00000000, 0.00000000, -0.07000000, 0.0000, 673, 3.55543303, 0
0.00000000, 0.00000000, -0.07000000, 0.0000, 674, 3.56069493, 0
0.00000000, 0.00000000, -0.07000000, 0.0000, 675, 3.56599092, 0
0.00000000, 0.00000000, -0.07000000, 0.0000, 676, 3.57134295, 0
0.00000000, 0.00000000, -0.07000000, 0.0000, 677, 3.57658601, 0
0.00000000, 0.00000000, -0.07000000, 0.0000, 678, 3.58204103, 0
0.00000000, 0.00000000, -0.07000000, 0.0000, 679, 3.58732891, 0
0.00000000, 0.00000000, -0.07000000, 0.0000, 680, 3.59262085, 0
0.00000000, 0.00000000, -0.07000000, 0.0000, 681, 3.59796500, 0
0.00000000, 0.00000000, -0.07000000, 0.0000, 682, 3.60324097, 0
0.00000000, 0.00000000, -0.07000000, 0.0000, 683, 3.60853386, 0
0.00000000, 0.00000000, -0.07000000, 0.0000, 684, 3.61394405, 0
0.00000000, 0.00000000, -0.07000000, 0.0000, 685, 3.61928201, 0
0.00000000, 0.00000000, -0.07000000, 0.0000, 686, 3.62463093, 0
0.00000000, 0.00000000, -0.07000000, 0.0000, 687, 3.63015103, 0
0.00000000, 0.00000000, -0.07000000, 0.0000, 688, 3.63549185, 0
0.00000000, 0.00000000, -0.07000000, 0.0000, 689, 3.64079905, 0
0.00000000, 0.00000000, -0.07000000, 0.0000, 690, 3.64619684, 0
0.00000000, 0.00000000, -0.07000000, 0.0000, 691, 3.65148306, 0
0.00000000, 0.00000000, -0.07000000, 0.0000, 692, 3.65679097, 0
0.00000000, 0.00000000, -0.07000000, 0.0000, 693, 3.66214705, 0
0.00000000, 0.00000000, -0.07000000, 0.0000, 694, 3.66748190, 0
0.00000000, 0.00000000, -0.07000000, 0.0000, 695, 3.67275095, 0
0.00000000, 0.00000000, -0.07000000, 0.0000, 696, 3.67801285, 0
0.00000000, 0.00000000, -0.07000000, 0.0000, 697, 3.68327999, 0
0.00000000, 0.00000000, -0.07000000, 0.0000, 698, 3.68849993, 0
0.00000000, 0.00000000, -0.07000000, 0.0000, 699, 3.69377995, 0
0.00000000, 0.00000000, -0.07000000, 0.0000, 700, 3.69904590, 0
0.00000000, 0.00000000, -0.07000000, 0.0000, 701, 3.70433187, 0
0.00000000, 0.00000000, -0.07000000, 0.0000, 702, 3.70958304, 0
0.00000000, 0.00000000, -0.07000000, 0.0000, 703, 3.71484995, 0
0.00000000, 0.00000000, -0.07000000, 0.0000, 704, 3.72009301, 0
0.00000000, 0.00000000, -0.07000000, 0.0000, 705, 3.72533703, 0
0.00000000, 0.00000000, -0.07000000, 0.0000, 706, 3.73062086, 0
0.00000000, 0.00000000, -0.07000000, 0.0000, 707, 3.73594284, 0
0.00000000, 0.00000000, -0.07000000, 0.0000, 708, 3.74119592, 0
0.00000000, 0.00000000, -0.07000000, 0.0000, 709, 3.74650788, 0
0.00000000, 0.00000000, -0.07000000, 0.0000, 710, 3.75177383, 0
0.00000000, 0.00000000, -0.07000000, 0.0000, 711, 3.75704002, 0
0.00000000, 0.00000000, -0.07000000, 0.0000, 712, 3.76239491, 0
0.00000000, 0.00000000, -0.07000000, 0.0000, 713, 3.76773906, 0
0.00000000, 0.00000000, -0.07000000, 0.0000, 714, 3.77326298, 0
0.00000000, 0.00000000, -0.07000000, 0.0000, 715, 3.77876997, 0
0.00000000, 0.00000000, -0.07000000, 0.0000, 716, 3.78410983, 0
0.00000000, 0.00000000, -0.07000000, 0.0000, 717, 3.78955698, 0
0.00000000, 0.00000000, -0.07000000, 0.0000, 718, 3.79499698, 0
0.00000000, 0.00000000, -0.07000000, 0.0000, 719, 3.80033684, 0
0.00000000, 0.00000000, -0.07000000, 0.0000, 720, 3.80582404, 0
0.00000000, 0.00000000, -0.07000000, 0.0000, 721, 3.81116986, 0
0.00000000, 0.00000000, -0.07000000, 0.0000, 722, 3.81644487, 0
0.00000000, 0.00000000, -0.07000000, 0.0000, 723, 3.82174301, 0
0.00000000, 0.00000000, -0.07000000, 0.0000, 724, 3.82708001, 0
0.00000000, 0.00000000, -0.07000000, 0.0000, 725, 3.83241892, 0
0.00000000, 0.00000000, -0.07000000, 0.0000, 726, 3.83777785, 0
0.00000000, 0.00000000, -0.07000000, 0.0000, 727, 3.84303403, 0
0.00000000, 0.00000000, -0.07000000, 0.0000, 728, 3.84829402, 0
0.00000000, 0.00000000, -0.07000000, 0.0000, 729, 3.85354996, 0
0.00000000, 0.00000000, -0.07000000, 0.0000, 730, 3.85888004, 0
0.00000000, 0.00000000, -0.07000000, 0.0000, 731, 3.86411285, 0
0.00000000, 0.00000000, -0.07000000, 0.0000, 732, 3.86940289, 0
0.00000000, 0.00000000, -0.07000000, 0.0000, 733, 3.87466502, 0
0.00000000, 0.00000000, -0.07000000, 0.0000, 734, 3.87992787, 0
0.00000000, 0.00000000, -0.07000000, 0.0000, 735, 3.88526297, 0
0.00000000, 0.00000000, -0.07000000, 0.0000, 736, 3.89079404, 0
0.00000000, 0.00000000, -0.07000000, 0.0000, 737, 3.89612198, 0
0.00000000, 0.00000000, -0.07000000, 0.0000, 738, 3.90140486, 0
0.00000000, 0.00000000, -0.07000000, 0.0000, 739, 3.90683198, 0
0.00000000, 0.00000000, -0.07000000, 0.0000, 740, 3.91212296, 0
0.00000000, 0.00000000, -0.07000000, 0.0000, 741, 3.91750002, 0
0.00000000, 0.00000000, -0.07000000, 0.0000, 742, 3.92277694, 0
0.00000000, 0.00000000, -0.07000000, 0.0000, 743, 3.92807984, 0
0.00000000, 0.00000000, -0.07000000, 0.0000, 744, 3.93335390, 0
0.00000000, 0.00000000, -0.07000000, 0.0000, 745, 3.93861389, 0
0.00000000, 0.00000000, -0.07000000, 0.0000, 746, 3.94390202, 0
0.00000000, 0.00000000, -0.07000000, 0.0000, 747, 3.94920588, 0
0.00000000, 0.00000000, -0.07000000, 0.0000, 748, 3.95451403, 0
0.00000000, 0.00000000, -0.07000000, 0.0000, 749, 3.95978999, 0
0.00000000, 0.00000000, -0.07000000, 0.0000, 750, 3.96502090, 0
0.00000000, 0.00000000, -0.07000000, 0.0000, 751, 3.97024894, 0
0.00000000, 0.00000000, -0.07000000, 0.0000, 752, 3.97554684, 0
0.00000000, 0.00000000, -0.07000000, 0.0000, 753, 3.98099089, 0
0.00000000, 0.00000000, -0.07000000, 0.0000, 754, 3.98632288, 0
0.00000000, 0.00000000, -0.07000000, 0.0000, 755, 3.99166703, 0
0.00000000, 0.00000000, -0.07000000, 0.0000, 756, 3.99695492, 0
0.00000000, 0.00000000, -0.07000000, 0.0000, 757, 4.00222802, 0
0.00000000, 0.00000000, -0.07000000, 0.0000, 758, 4.00748396, 0
0.00000000, 0.00000000, -0.07000000, 0.0000, 759, 4.01276803, 0
0.00000000, 0.00000000, -0.07000000, 0.0000, 760, 4.01802301, 0
0.00000000, 0.00000000, -0.07000000, 0.0000, 761, 4.02329397, 0
0.00000000, 0.00000000, -0.07000000, 0.0000, 762, 4.02856088, 0
0.00000000, 0.00000000, -0.07000000, 0.0000, 763, 4.03386188, 0
0.00000000, 0.00000000, -0.07000000, 0.0000, 764, 4.03912687, 0
0.00000000, 0.00000000, -0.07000000, 0.0000, 765, 4.04439092, 0
0.00000000, 0.00000000, -0.07000000, 0.0000, 766, 4.04963183, 0
0.00000000, 0.00000000, -0.07000000, 0.0000, 767, 4.05487585, 0
0.00000000, 0.00000000, -0.07000000, 0.0000, 768, 4.06014204, 0
0.00000000, 0.00000000, -0.07000000, 0.0000, 769, 4.06537890, 0
0.00000000, 0.00000000, -0.07000000, 0.0000, 770, 4.07063484, 0
0.00000000, 0.00000000, -0.07000000, 0.0000, 771, 4.07591987, 0
0.00000000, 0.00000000, -0.07000000, 0.0000, 772, 4.08118606, 0
0.00000000, 0.00000000, -0.07000000, 0.0000, 773, 4.08650804, 0
0.00000000, 0.00000000, -0.07000000, 0.0000, 774, 4.09174991, 0
0.00000000, 0.00000000, -0.07000000, 0.0000, 775, 4.09701705, 0
0.00000000, 0.00000000, -0.07000000, 0.0000, 776, 4.10227299, 0
0.00000000, 0.00000000, -0.07000000, 0.0000, 777, 4.10751987, 0
0.00000000, 0.00000000, -0.07000000, 0.0000, 778, 4.11278605, 0
0.00000000, 0.00000000, -0.07000000, 0.0000, 779, 4.11803699, 0
0.00000000, 0.00000000, -0.07000000, 0.0000, 780, 4.12330294, 0
0.00000000, 0.00000000, -0.07000000, 0.0000, 781, 4.12856007, 0
0.00000000, 0.00000000, -0.07000000, 0.0000, 782, 4.13380194, 0
0.00000000, 0.00000000, -0.07000000, 0.0000, 783, 4.13907099, 0
0.00000000, 0.00000000, -0.07000000, 0.0000, 784, 4.14433694, 0
0.00000000, 0.00000000, -0.07000000, 0.0000, 785, 4.14958000, 0
0.00000000, 0.00000000, -0.07000000, 0.0000, 786, 4.15485001, 0
0.00000000, 0.00000000, -0.07000000, 0.0000, 787, 4.16008687, 0
0.00000000, 0.00000000, -0.07000000, 0.0000, 788, 4.16553497, 0
0.00000000, 0.00000000, -0.07000000, 0.0000, 789, 4.17086506, 0
0.00000000, 0.00000000, -0.07000000, 0.0000, 790, 4.17615104, 0
0.00000000, 0.00000000, -0.07000000, 0.0000, 791, 4.18164301, 0
0.00000000, 0.00000000, -0.07000000, 0.0000, 792, 4.18693686, 0
0.00000000, 0.00000000, -0.07000000, 0.0000, 793, 4.19227600, 0
0.00000000, 0.00000000, -0.07000000, 0.0000, 794, 4.19757485, 0
0.00000000, 0.00000000, -0.07000000, 0.0000, 795, 4.20290899, 0
0.00000000, 0.00000000, -0.07000000, 0.0000, 796, 4.20824695, 0
0.00000000, 0.00000000, -0.07000000, 0.0000, 797, 4.21354795, 0
0.00000000, 0.00000000, -0.07000000, 0.0000, 798, 4.21888900, 0
0.00000000, 0.00000000, -0.07000000, 0.0000, 799, 4.22423697, 0
0.00000000, 0.00000000, -0.07000000, 0.0000, 800, 4.22971606, 0
0.00000000, 0.00000000, -0.07000000, 0.0000, 801, 4.23504090, 0
0.00000000, 0.00000000, -0.07000000, 0.0000, 802, 4.24035096, 0
0.00000000, 0.00000000, -0.07000000, 0.0000, 803, 4.24578691, 0
0.00000000, 0.00000000, -0.07000000, 0.0000, 804, 4.25112391, 0
0.00000000, 0.00000000, -0.07000000, 0.0000, 805, 4.25639606, 0
0.00000000, 0.00000000, -0.07000000, 0.0000, 806, 4.26160502, 0
0.00000000, 0.00000000, -0.07000000, 0.0000, 807, 4.26681089, 0
0.00000000, 0.00000000, -0.07000000, 0.0000, 808, 4.27208805, 0
0.00000000, 0.00000000, -0.07000000, 0.0000, 809, 4.27749896, 0
0.00000000, 0.00000000, -0.07000000, 0.0000, 810, 4.28282785, 0
0.00000000, 0.00000000, -0.07000000, 0.0000, 811, 4.28819585, 0
0.00000000, 0.00000000, -0.07000000, 0.0000, 812, 4.29357600, 0
0.00000000, 0.00000000, -0.07000000, 0.0000, 813, 4.29887390, 0
0.00000000, 0.00000000, -0.07000000, 0.0000, 814, 4.30420089, 0
0.00000000, 0.00000000, -0.07000000, 0.0000, 815, 4.30945706, 0
0.00000000, 0.00000000, -0.07000000, 0.0000, 816, 4.31488895, 0
0.00000000, 0.00000000, -0.07000000, 0.0000, 817, 4.32022285, 0
0.00000000, 0.00000000, -0.07000000, 0.0000, 818, 4.32554603, 0
0.00000000, 0.00000000, -0.07000000, 0.0000, 819, 4.33099604, 0
0.00000000, 0.00000000, -0.07000000, 0.0000, 820, 4.33632898, 0
0.00000000, 0.00000000, -0.07000000, 0.0000, 821, 4.34169793, 0
0.00000000, 0.00000000, -0.07000000, 0.0000, 822, 4.34701490, 0
0.00000000, 0.00000000, -0.07000000, 0.0000, 823, 4.35225201, 0
0.00000000, 0.00000000, -0.07000000, 0.0000, 824, 4.35756803, 0
0.00000000, 0.00000000, -0.07000000, 0.0000, 825, 4.36296487, 0
0.00000000, 0.00000000, -0.07000000, 0.0000, 826, 4.36824393, 0
0.00000000, 0.00000000, -0.07000000, 0.0000, 827, 4.37358093, 0
0.00000000, 0.00000000, -0.07000000, 0.0000, 828, 4.37890601, 0
0.00000000, 0.00000000, -0.07000000, 0.0000, 829, 4.38422084, 0
0.00000000, 0.00000000, -0.07000000, 0.0000, 830, 4.38945103, 0
0.00000000, 0.00000000, -0.07000000, 0.0000, 831, 4.39482498, 0
0.00000000, 0.00000000, -0.07000000, 0.0000, 832, 4.40015888, 0
0.00000000, 0.00000000, -0.07000000, 0.0000, 833, 4.40543795, 0
0.00000000, 0.00000000, -0.07000000, 0.0000, 834, 4.41076088, 0
0.00000000, 0.00000000, -0.07000000, 0.0000, 835, 4.41613293, 0
0.00000000, 0.00000000, -0.07000000, 0.0000, 836, 4.42143798, 0
0.00000000, 0.00000000, -0.07000000, 0.0000, 837, 4.42680001, 0
0.00000000, 0.00000000, -0.07000000, 0.0000, 838, 4.43205690, 0
0.00000000, 0.00000000, -0.07000000, 0.0000, 839, 4.43733001, 0
0.00000000, 0.00000000, -0.07000000, 0.0000, 840, 4.44256687, 0
0.00000000, 0.00000000, -0.07000000, 0.0000, 841, 4.44787693, 0
0.00000000, 0.00000000, -0.07000000, 0.0000, 842, 4.45313501, 0
0.00000000, 0.00000000, -0.07000000, 0.0000, 843, 4.45836306, 0
0.00000000, 0.00000000, -0.07000000, 0.0000, 844, 4.46366096, 0
0.00000000, 0.00000000, -0.07000000, 0.0000, 845, 4.46890903, 0
0.00000000, 0.00000000, -0.07000000, 0.0000, 846, 4.47412992, 0
0.00000000, 0.00000000, -0.07000000, 0.0000, 847, 4.47952700, 0
0.00000000, 0.00000000, -0.07000000, 0.0000, 848, 4.48480892, 0
0.00000000, 0.00000000, -0.07000000, 0.0000, 849, 4.49013901, 0
0.00000000, 0.00000000, -0.07000000, 0.0000, 850, 4.49541497, 0
0.00000000, 0.00000000, -0.07000000, 0.0000, 851, 4.50062704, 0
0.00000000, 0.00000000, -0.07000000, 0.0000, 852, 4.50592589, 0
0.00000000, 0.00000000, -0.07000000, 0.0000, 853, 4.51129484, 0
0.00000000, 0.00000000, -0.07000000, 0.0000, 854, 4.51657987, 0
0.00000000, 0.00000000, -0.07000000, 0.0000, 855, 4.52203703, 0
0.00000000, 0.00000000, -0.07000000, 0.0000, 856, 4.52742505, 0
0.00000000, 0.00000000, -0.07000000, 0.0000, 857, 4.53271794, 0
0.00000000, 0.00000000, -0.07000000, 0.0000, 858, 4.53821683, 0
0.00000000, 0.00000000, -0.07000000, 0.0000, 859, 4.54350591, 0
0.00000000, 0.00000000, -0.07000000, 0.0000, 860, 4.54904985, 0
0.00000000, 0.00000000, -0.07000000, 0.0000, 861, 4.55463099, 0
0.00000000, 0.00000000, -0.07000000, 0.0000, 862, 4.55991387, 0
0.00000000, 0.00000000, -0.07000000, 0.0000, 863, 4.56540489, 0
0.00000000, 0.00000000, -0.07000000, 0.0000, 864, 4.57086992, 0
0.00000000, 0.00000000, -0.07000000, 0.0000, 865, 4.57615995, 0
0.00000000, 0.00000000, -0.07000000, 0.0000, 866, 4.58170485, 0
0.00000000, 0.00000000, -0.07000000, 0.0000, 867, 4.58715391, 0
0.00000000, 0.00000000, -0.07000000, 0.0000, 868, 4.59244585, 0
0.00000000, 0.00000000, -0.07000000, 0.0000, 869, 4.59778404, 0
0.00000000, 0.00000000, -0.07000000, 0.0000, 870, 4.60289693, 0
0.00000000, 0.00000000, -0.07000000, 0.0000, 871, 4.60798883, 0
0.00000000, 0.00000000, -0.07000000, 0.0000, 872, 4.61318994, 0
0.00000000, 0.00000000, -0.07000000, 0.0000, 873, 4.61852193, 0
0.00000000, 0.00000000, -0.07000000, 0.0000, 874, 4.62374306, 0
0.00000000, 0.00000000, -0.07000000, 0.0000, 875, 4.62895393, 0
0.00000000, 0.00000000, -0.07000000, 0.0000, 876, 4.63418293, 0
0.00000000, 0.00000000, -0.07000000, 0.0000, 877, 4.63949990, 0
0.00000000, 0.00000000, -0.07000000, 0.0000, 878, 4.64486885, 0
0.00000000, 0.00000000, -0.07000000, 0.0000, 879, 4.65016699, 0
0.00000000, 0.00000000, -0.07000000, 0.0000, 880, 4.65552902, 0
0.00000000, 0.00000000, -0.07000000, 0.0000, 881, 4.66080999, 0
0.00000000, 0.00000000, -0.07000000, 0.0000, 882, 4.66603684, 0
0.00000000, 0.00000000, -0.07000000, 0.0000, 883, 4.67134404, 0
0.00000000, 0.00000000, -0.07000000, 0.0000, 884, 4.67661595, 0
0.00000000, 0.00000000, -0.07000000, 0.0000, 885, 4.68189406, 0
0.00000000, 0.00000000, -0.07000000, 0.0000, 886, 4.68713093, 0
0.00000000, 0.00000000, -0.07000000, 0.0000, 887, 4.69235802, 0
0.00000000, 0.00000000, -0.07000000, 0.0000, 888, 4.69767690, 0
0.00000000, 0.00000000, -0.07000000, 0.0000, 889, 4.70292592, 0
0.00000000, 0.00000000, -0.07000000, 0.0000, 890, 4.70816183, 0
0.00000000, 0.00000000, -0.07000000, 0.0000, 891, 4.71370292, 0
0.00000000, 0.00000000, -0.07000000, 0.0000, 892, 4.71903491, 0
0.00000000, 0.00000000, -0.07000000, 0.0000, 893, 4.72431397, 0
0.00000000, 0.00000000, -0.07000000, 0.0000, 894, 4.72965384, 0
0.00000000, 0.00000000, -0.07000000, 0.0000, 895, 4.73492002, 0
0.00000000, 0.00000000, -0.07000000, 0.0000, 896, 4.74019885, 0
0.00000000, 0.00000000, -0.07000000, 0.0000, 897, 4.74547601, 0
0.00000000, 0.00000000, -0.07000000, 0.0000, 898, 4.75068784, 0
0.00000000, 0.00000000, -0.07000000, 0.0000, 899, 4.75605297, 0
0.00000000, 0.00000000, -0.07000000, 0.0000, 900, 4.76135302, 0
0.00000000, 0.00000000, -0.07000000, 0.0000, 901, 4.76656604, 0
0.00000000, 0.00000000, -0.07000000, 0.0000, 902, 4.77186489, 0
0.00000000, 0.00000000, -0.07000000, 0.0000, 903, 4.77712798, 0
0.00000000, 0.00000000, -0.07000000, 0.0000, 904, 4.78246498, 0
0.00000000, 0.00000000, -0.07000000, 0.0000, 905, 4.78779101, 0
0.00000000, 0.00000000, -0.07000000, 0.0000, 906, 4.79306293, 0
0.00000000, 0.00000000, -0.07000000, 0.0000, 907, 4.79850602, 0
0.00000000, 0.00000000, -0.07000000, 0.0000, 908, 4.80396485, 0
0.00000000, 0.00000000, -0.07000000, 0.0000, 909, 4.80936384, 0
0.00000000, 0.00000000, -0.07000000, 0.0000, 910, 4.81485605, 0
0.00000000, 0.00000000, -0.07000000, 0.0000, 911, 4.82019401, 0
0.00000000, 0.00000000, -0.07000000, 0.0000, 912, 4.82551098, 0
0.00000000, 0.00000000, -0.07000000, 0.0000, 913, 4.83079195, 0
0.00000000, 0.00000000, -0.07000000, 0.0000, 914, 4.83606696, 0
0.00000000, 0.00000000, -0.07000000, 0.0000, 915, 4.84133387, 0
0.00000000, 0.00000000, -0.07000000, 0.0000, 916, 4.84661388, 0
0.00000000, 0.00000000, -0.07000000, 0.0000, 917, 4.85188198, 0
0.00000000, 0.00000000, -0.07000000, 0.0000, 918, 4.85716605, 0
0.00000000, 0.00000000, -0.07000000, 0.0000, 919, 4.86249304, 0
0.00000000, 0.00000000, -0.07000000, 0.0000, 920, 4.86775804, 0
0.00000000, 0.00000000, -0.07000000, 0.0000, 921, 4.87304497, 0
0.00000000, 0.00000000, -0.07000000, 0.0000, 922, 4.87831306, 0
0.00000000, 0.00000000, -0.07000000, 0.0000, 923, 4.88356590, 0
0.00000000, 0.00000000, -0.07000000, 0.0000, 924, 4.88881993, 0
0.00000000, 0.00000000, -0.07000000, 0.0000, 925, 4.89418101, 0
0.00000000, 0.00000000, -0.07000000, 0.0000, 926, 4.89959502, 0
0.00000000, 0.00000000, -0.07000000, 0.0000, 927, 4.90507483, 0
0.00000000, 0.00000000, -0.07000000, 0.0000, 928, 4.91039896, 0
0.00000000, 0.00000000, -0.07000000, 0.0000, 929, 4.91571784, 0
0.00000000, 0.00000000, -0.07000000, 0.0000, 930, 4.92100191, 0
0.00000000, 0.00000000, -0.07000000, 0.0000, 931, 4.92626190, 0
0.00000000, 0.00000000, -0.07000000, 0.0000, 932, 4.93155789, 0
0.00000000, 0.00000000, -0.07000000, 0.0000, 933, 4.93682384, 0
0.00000000, 0.00000000, -0.07000000, 0.0000, 934, 4.94208097, 0
0.00000000, 0.00000000, -0.07000000, 0.0000, 935, 4.94736195, 0
0.00000000, 0.00000000, -0.07000000, 0.0000, 936, 4.95262790, 0
0.00000000, 0.00000000, -0.07000000, 0.0000, 937, 4.95788002, 0
0.00000000, 0.00000000, -0.07000000, 0.0000, 938, 4.96314788, 0
0.00000000, 0.00000000, -0.07000000, 0.0000, 939, 4.96840096, 0
0.00000000, 0.00000000, -0.07000000, 0.0000, 940, 4.97367001, 0
0.00000000, 0.00000000, -0.07000000, 0.0000, 941, 4.97893691, 0
0.00000000, 0.00000000, -0.07000000, 0.0000, 942, 4.98410702, 0
0.00000000, 0.00000000, -0.07000000, 0.0000, 943, 4.98932886, 0
0.00000000, 0.00000000, -0.07000000, 0.0000, 944, 4.99465299, 0
0.00000000, 0.00000000, -0.07000000, 0.0000, 945, 4.99980903, 0
0.00000000, 0.00000000, -0.07000000, 0.0000, 946, 5.00494194, 0
0.00000000, 0.00000000, -0.07000000, 0.0000, 947, 5.01013303, 0
0.00000000, 0.00000000, -0.07000000, 0.0000, 948, 5.01549602, 0
0.00000000, 0.00000000, -0.07000000, 0.0000, 949, 5.02069592, 0
0.00000000, 0.00000000, -0.07000000, 0.0000, 950, 5.02591896, 0
0.00000000, 0.00000000, -0.07000000, 0.0000, 951, 5.03106284, 0
