0.00000000, 0.00000000, 0.00000000, 0.0000, 0, 0.00009394, 0
0.00000000, 0.00000000, 0.00000000, 0.0000, 0, 0.00521207, 0
0.00000000, 0.00000000, 0.00000000, 0.0000, 0, 0.01031089, 0
0.00000000, 0.00000000, 0.00000000, 0.0000, 0, 0.01541901, 0
0.00000000, 0.00000000, 0.00000000, 0.0000, 0, 0.02053499, 0
0.00000000, 0.00000000, 0.00000000, 0.0000, 0, 0.02563095, 0
0.00000000, 0.00000000, 0.00000000, 0.0000, 0, 0.03072906, 0
0.00000000, 0.00000000, 0.00000000, 0.0000, 0, 0.03583097, 0
0.00000000, 0.00000000, 0.00000000, 0.0000, 0, 0.04093790, 0
0.00000000, 0.00000000, 0.00000000, 0.0000, 0, 0.04608107, 0
0.00000000, 0.00000000, 0.00000000, 0.0000, 0, 0.05120802, 0
0.00000000, 0.00000000, 0.00000000, 0.0000, 0, 0.05633903, 0
0.00000000, 0.00000000, 0.00000000, 0.0000, 0, 0.06146312, 0
0.00000000, 0.00000000, 0.00000000, 0.0000, 0, 0.06659603, 0
0.00000000, 0.00000000, 0.00000000, 0.0000, 0, 0.07172990, 0
0.00000000, 0.00000000, 0.00000000, 0.0000, 0, 0.07685399, 0
0.00000000, 0.00000000, 0.00000000, 0.0000, 0, 0.08197904, 0
0.00000000, 0.00000000, 0.00000000, 0.0000, 0, 0.08710599, 0
0.00000000, 0.00000000, 0.00000000, 0.0000, 0, 0.09223008, 0
0.00000000, 0.00000000, 0.00000000, 0.0000, 0, 0.09735608, 0
0.00000000, 0.00000000, 0.00000000, 0.0000, 0, 0.10248089, 0
0.00000000, 0.00000000, 0.00000000, 0.0000, 0, 0.10760593, 0
0.00000000, 0.00000000, 0.00000000, 0.0000, 0, 0.11273098, 0
0.00000000, 0.00000000, 0.00000000, 0.0000, 0, 0.11785507, 0
0.00000000, 0.00000000, 0.00000000, 0.0000, 0, 0.12297511, 0
0.00000000, 0.00000000, 0.00000000, 0.0000, 0, 0.12809396, 0
0.00000000, 0.00000000, 0.00000000, 0.0000, 0, 0.13321495, 0
0.00000000, 0.00000000, 0.00000000, 0.0000, 0, 0.13833499, 0
0.00000000, 0.00000000, 0.00000000, 0.0000, 0, 0.14345503, 0
0.00000000, 0.00000000, 0.00000000, 0.0000, 0, 0.14857507, 0
0.00000000, 0.00000000, 0.00000000, 0.0000, 0, 0.15369797, 0
0.00000000, 0.00000000, 0.00000000, 0.0000, 0, 0.15881801, 0
0.00000000, 0.00000000, 0.00000000, 0.0000, 0, 0.16393805, 0
0.00000000, 0.00000000, 0.00000000, 0.0000, 0, 0.16906095, 0
0.00000000, 0.00000000, 0.00000000, 0.0000, 0, 0.17418408, 0
0.00000000, 0.00000000, 0.00000000, 0.0000, 0, 0.17930388, 0
0.00000000, 0.00000000, 0.00000000, 0.0000, 0, 0.18442392, 0
0.00000000, 0.00000000, 0.00000000, 0.0000, 0, 0.18954802, 0
0.00000000, 0.00000000, 0.00000000, 0.0000, 0, 0.19466901, 0
0.00000000, 0.00000000, 0.00000000, 0.0000, 0, 0.19978905, 0
0.00000000, 0.00000000, 0.00000000, 0.0000, 0, 0.20490909, 0
0.00000000, 0.00000000, 0.00000000, 0.0000, 0, 0.21002889, 0
0.00000000, 0.00000000, 0.00000000, 0.0000, 0, 0.21514797, 0
0.00000000, 0.00000000, 0.00000000, 0.0000, 0, 0.22026801, 0
0.00000000, 0.00000000, 0.00000000, 0.0000, 0, 0.22538805, 0
0.00000000, 0.00000000, 0.00000000, 0.0000, 0, 0.23051095, 0
0.00000000, 0.00000000, 0.00000000, 0.0000, 0, 0.23564291, 0
0.00000000, 0.00000000, 0.00000000, 0.0000, 0, 0.24077392, 0
0.00000000, 0.00000000, 0.00000000, 0.0000, 0, 0.24590707, 0
0.00000000, 0.00000000, 0.00000000, 0.0000, 0, 0.25103092, 0
0.00000000, 0.00000000, 0.00000000, 0.0000, 0, 0.25615191, 0
0.00000000, 0.00000000, 0.00000000, 0.0000, 0, 0.26127195, 0
0.00000000, 0.00000000, 0.00000000, 0.0000, 0, 0.26639295, 0
0.00000000, 0.00000000, 0.00000000, 0.0000, 0, 0.27151608, 0
0.00000000, 0.00000000, 0.00000000, 0.0000, 0, 0.27664399, 0
0.00000000, 0.00000000, 0.00000000, 0.0000, 0, 0.28178000, 0
0.00000000, 0.00000000, 0.00000000, 0.0000, 0, 0.28687811, 0
0.00000000, 0.00000000, 0.00000000, 0.0000, 0, 0.29200196, 0
0.00000000, 0.00000000, 0.00000000, 0.0000, 0, 0.29712892, 0
0.00000000, 0.00000000, 0.00000000, 0.0000, 0, 0.30225396, 0
0.00000000, 0.00000000, 0.00000000, 0.0000, 0, 0.30737591, 0
0.00000000, 0.00000000, 0.00000000, 0.0000, 0, 0.31249690, 0
0.00000000, 0.00000000, 0.00000000, 0.0000, 0, 0.31761789, 0
0.00000000, 0.00000000, 0.00000000, 0.0000, 0, 0.32273889, 0
0.00000000, 0.00000000, 0.00000000, 0.0000, 0, 0.32786393, 0
0.00000000, 0.00000000, 0.00000000, 0.0000, 0, 0.33298397, 0
0.00000000, 0.00000000, 0.00000000, 0.0000, 0, 0.33810401, 0
0.00000000, 0.00000000, 0.00000000, 0.0000, 0, 0.34322500, 0
0.00000000, 0.00000000, 0.00000000, 0.0000, 0, 0.34836602, 0
0.00000000, 0.00000000, 0.00000000, 0.0000, 0, 0.35348606, 0
0.00000000, 0.00000000, 0.00000000, 0.0000, 0, 0.35860610, 0
0.00000000, 0.00000000, 0.00000000, 0.0000, 0, 0.36372900, 0
0.00000000, 0.00000000, 0.00000000, 0.0000, 0, 0.36885190, 0
0.00000000, 0.00000000, 0.00000000, 0.0000, 0, 0.37397695, 0
0.00000000, 0.00000000, 0.00000000, 0.0000, 0, 0.37909889, 0
0.00000000, 0.00000000, 0.00000000, 0.0000, 0, 0.38421893, 0
0.00000000, 0.00000000, 0.00000000, 0.0000, 0, 0.38933897, 0
0.00000000, 0.00000000, 0.00000000, 0.0000, 0, 0.39445996, 0
0.00000000, 0.00000000, 0.00000000, 0.0000, 0, 0.39958501, 0
0.00000000, 0.00000000, 0.00000000, 0.0000, 0, 0.40470505, 0
0.00000000, 0.00000000, 0.00000000, 0.0000, 0, 0.40982509, 0
0.00000000, 0.00000000, 0.00000000, 0.0000, 0, 0.41494489, 0
0.00000000, 0.00000000, 0.00000000, 0.0000, 0, 0.42006493, 0
0.00000000, 0.00000000, 0.00000000, 0.0000, 0, 0.42518592, 0
0.00000000, 0.00000000, 0.00000000, 0.0000, 0, 0.43030596, 0
0.00000000, 0.00000000, 0.00000000, 0.0000, 0, 0.43542695, 0
0.00000000, 0.00000000, 0.00000000, 0.0000, 0, 0.44054794, 0
0.00000000, 0.00000000, 0.00000000, 0.0000, 0, 0.44566798, 0
0.00000000, 0.00000000, 0.00000000, 0.0000, 0, 0.45079708, 0
0.00000000, 0.00000000, 0.00000000, 0.0000, 0, 0.45591903, 0
0.00000000, 0.00000000, 0.00000000, 0.0000, 0, 0.46103907, 0
0.00000000, 0.00000000, 0.00000000, 0.0000, 0, 0.46617103, 0
0.00000000, 0.00000000, 0.00000000, 0.0000, 0, 0.47130394, 0
0.00000000, 0.00000000, 0.00000000, 0.0000, 0, 0.47643995, 0
0.00000000, 0.00000000, 0.00000000, 0.0000, 0, 0.48157191, 0
0.00000000, 0.00000000, 0.00000000, 0.0000, 0, 0.48669791, 0
0.00000000, 0.00000000, 0.00000000, 0.0000, 0, 0.49183106, 0
0.00000000, 0.00000000, 0.00000000, 0.0000, 0, 0.49698400, 0
0.00000000, 0.00000000, 0.00000000, 0.0000, 0, 0.50217390, 0
0.00000000, 0.00000000, 0.00000000, 0.0000, 0, 0.50735211, 0
0.00000000, 0.00000000, 0.00000000, 0.0000, 0, 0.51244712, 0
0.00000000, 0.00000000, 0.00000000, 0.0000, 0, 0.51759791, 0
0.00000000, 0.00000000, 0.00000000, 0.0000, 0, 0.52272892, 0
0.00000000, 0.00000000, 0.00000000, 0.0000, 0, 0.52782297, 0
0.00000000, 0.00000000, 0.00000000, 0.0000, 0, 0.53294706, 0
0.00000000, 0.00000000, 0.00000000, 0.0000, 0, 0.53809190, 0
0.00000000, 0.00000000, 0.00000000, 0.0000, 0, 0.54322195, 0
0.00000000, 0.00000000, 0.00000000, 0.0000, 0, 0.54835105, 0
0.00000000, 0.00000000, 0.00000000, 0.0000, 0, 0.55348897, 0
0.00000000, 0.00000000, 0.00000000, 0.0000, 0, 0.55881500, 0
0.00000000, 0.00000000, 0.00000000, 0.0000, 0, 0.56405091, 0
0.00000000, 0.00000000, 0.00000000, 0.0000, 0, 0.56930208, 0
0.00000000, 0.00000000, 0.00000000, 0.0000, 0, 0.57467699, 0
0.00000000, 0.00000000, 0.00000000, 0.0000, 0, 0.57992697, 0
0.00000000, 0.00000000, 0.00000000, 0.0000, 0, 0.58533812, 0
0.00000000, 0.00000000, 0.00000000, 0.0000, 0, 0.59068108, 0
0.00000000, 0.00000000, 0.00000000, 0.0000, 0, 0.59599996, 0
0.00000000, 0.00000000, 0.00000000, 0.0000, 0, 0.60139799, 0
0.00000000, 0.00000000, 0.00000000, 0.0000, 0, 0.60670400, 0
0.00000000, 0.00000000, 0.00000000, 0.0000, 0, 0.61187792, 0
0.00000000, 0.00000000, 0.00000000, 0.0000, 0, 0.61728096, 0
0.00000000, 0.00000000, 0.00000000, 0.0000, 0, 0.62265110, 0
0.00000000, 0.00000000, 0.00000000, 0.0000, 0, 0.62784100, 0
0.00000000, 0.00000000, 0.00000000, 0.0000, 0, 0.63323498, 0
0.00000000, 0.00000000, 0.00000000, 0.0000, 0, 0.63857198, 0
0.00000000, 0.00000000, 0.00000000, 0.0000, 0, 0.64389205, 0
0.00000000, 0.00000000, 0.00000000, 0.0000, 0, 0.64915490, 0
0.00000000, 0.00000000, 0.00000000, 0.0000, 0, 0.65444207, 0
0.00000000, 0.00000000, 0.00000000, 0.0000, 0, 0.65983510, 0
0.00000000, 0.00000000, 0.00000000, 0.0000, 0, 0.66531110, 0
0.00000000, 0.00000000, 0.00000000, 0.0000, 0, 0.67068911, 0
0.00000000, 0.00000000, 0.00000000, 0.0000, 0, 0.67618299, 0
0.00000000, 0.00000000, 0.00000000, 0.0000, 0, 0.68164706, 0
0.00000000, 0.00000000, 0.00000000, 0.0000, 0, 0.68702197, 0
0.00000000, 0.00000000, 0.00000000, 0.0000, 0, 0.69242501, 0
0.00000000, 0.00000000, 0.00000000, 0.0000, 0, 0.69792008, 0
0.00000000, 0.00000000, 0.00000000, 0.0000, 0, 0.70329189, 0
0.00000000, 0.00000000, 0.00000000, 0.0000, 0, 0.70882702, 0
0.00000000, 0.00000000, 0.00000000, 0.0000, 0, 0.71425200, 0
0.00000000, 0.00000000, 0.00000000, 0.0000, 0, 0.71962810, 0
0.00000000, 0.00000000, 0.00000000, 0.0000, 0, 0.72516108, 0
0.00000000, 0.00000000, 0.00000000, 0.0000, 0, 0.73052311, 0
0.00000000, 0.00000000, 0.00000000, 0.0000, 0, 0.73605108, 0
0.00000000, 0.00000000, 0.00000000, 0.0000, 0, 0.74142098, 0
0.00000000, 0.00000000, 0.00000000, 0.0000, 0, 0.74675298, 0
0.00000000, 0.00000000, 0.00000000, 0.0000, 0, 0.75217509, 0
0.00000000, 0.00000000, 0.00000000, 0.0000, 0, 0.75764608, 0
0.00000000, 0.00000000, 0.00000000, 0.0000, 0, 0.76301003, 0
0.00000000, 0.00000000, 0.00000000, 0.0000, 0, 0.76848602, 0
0.00000000, 0.00000000, 0.00000000, 0.0000, 0, 0.77384996, 0
0.00000000, 0.00000000, 0.00000000, 0.0000, 0, 0.77922297, 0
0.00000000, 0.00000000, 0.00000000, 0.0000, 0, 0.78457999, 0
0.00000000, 0.00000000, 0.00000000, 0.0000, 0, 0.79001904, 0
0.00000000, 0.00000000, 0.00000000, 0.0000, 0, 0.79538798, 0
0.00000000, 0.00000000, 0.00000000, 0.0000, 0, 0.80092001, 0
0.00000000, 0.00000000, 0.00000000, 0.0000, 0, 0.80627799, 0
0.00000000, 0.00000000, 0.00000000, 0.0000, 0, 0.81165791, 0
0.00000000, 0.00000000, 0.00000000, 0.0000, 0, 0.81700706, 0
0.00000000, 0.00000000, 0.00000000, 0.0000, 0, 0.82232809, 0
0.00000000, 0.00000000, 0.00000000, 0.0000, 0, 0.82763791, 0
0.00000000, 0.00000000, 0.00000000, 0.0000, 0, 0.83299994, 0
0.00000000, 0.00000000, 0.00000000, 0.0000, 0, 0.83832693, 0
0.00000000, 0.00000000, 0.00000000, 0.0000, 0, 0.84378505, 0
0.00000000, 0.00000000, 0.00000000, 0.0000, 0, 0.84911203, 0
0.00000000, 0.00000000, 0.00000000, 0.0000, 0, 0.85454798, 0
0.00000000, 0.00000000, 0.00000000, 0.0000, 0, 0.85988998, 0
0.00000000, 0.00000000, 0.00000000, 0.0000, 0, 0.86528397, 0
0.00000000, 0.00000000, 0.00000000, 0.0000, 0, 0.87073898, 0
0.00000000, 0.00000000, 0.00000000, 0.0000, 0, 0.87611103, 0
0.00000000, 0.00000000, 0.00000000, 0.0000, 0, 0.88139892, 0
0.00000000, 0.00000000, 0.00000000, 0.0000, 0, 0.88685989, 0
0.00000000, 0.00000000, 0.00000000, 0.0000, 0, 0.89224505, 0
0.00000000, 0.00000000, 0.00000000, 0.0000, 0, 0.89755893, 0
0.00000000, 0.00000000, 0.00000000, 0.0000, 0, 0.90294790, 0
0.00000000, 0.00000000, 0.00000000, 0.0000, 0, 0.90843010, 0
0.00000000, 0.00000000, 0.00000000, 0.0000, 0, 0.91380692, 0
0.00000000, 0.00000000, 0.00000000, 0.0000, 0, 0.91915393, 0
0.00000000, 0.00000000, 0.00000000, 0.0000, 0, 0.92447805, 0
0.00000000, 0.00000000, 0.00000000, 0.0000, 0, 0.92977691, 0
0.00000000, 0.00000000, 0.00000000, 0.0000, 0, 0.93507600, 0
0.00000000, 0.00000000, 0.00000000, 0.0000, 0, 0.94054389, 0
0.00000000, 0.00000000, 0.00000000, 0.0000, 0, 0.94590092, 0
0.00000000, 0.00000000, 0.00000000, 0.0000, 0, 0.95125294, 0
0.00000000, 0.00000000, 0.00000000, 0.0000, 0, 0.95667911, 0
0.00000000, 0.00000000, 0.00000000, 0.0000, 0, 0.96205306, 0
0.00000000, 0.00000000, 0.00000000, 0.0000, 0, 0.96742392, 0
0.00000000, 0.00000000, 0.00000000, 0.0000, 0, 0.97275496, 0
0.00000000, 0.00000000, 0.00000000, 0.0000, 0, 0.97812891, 0
0.00000000, 0.00000000, 0.00000000, 0.0000, 0, 0.98350191, 0
0.00000000, 0.00000000, 0.00000000, 0.0000, 0, 0.98885608, 0
0.00000000, 0.00000000, 0.00000000, 0.0000, 0, 0.99429989, 0
0.00000000, 0.00000000, 0.00000000, 0.0000, 0, 0.99965906, 0
0.00000000, 0.00000000, 0.00000000, 0.0000, 0, 1.00498700, 0
0.00000000, 0.00000000, 0.00000000, 0.0000, 0, 1.01029992, 0
0.00000000, 0.00000000, 0.00000000, 0.0000, 0, 1.01561403, 0
0.00000000, 0.00000000, 0.00000000, 0.0000, 0, 1.02087498, 0
0.00000000, 0.00000000, 0.00000000, 0.0000, 0, 1.02619290, 0
0.00000000, 0.00000000, 0.00000000, 0.0000, 0, 1.03157496, 0
0.00000000, 0.00000000, 0.00000000, 0.0000, 0, 1.03694010, 0
0.00000000, 0.00000000, 0.00000000, 0.0000, 0, 1.04242992, 0
0.00000000, 0.00000000, 0.00000000, 0.0000, 0, 1.04779291, 0
0.00000000, 0.00000000, 0.00000000, 0.0000, 0, 1.05319405, 0
0.00000000, 0.00000000, 0.00000000, 0.0000, 0, 1.05854797, 0
0.00000000, 0.00000000, 0.00000000, 0.0000, 0, 1.06385589, 0
0.00000000, 0.00000000, 0.00000000, 0.0000, 0, 1.06917095, 0
0.00000000, 0.00000000, 0.00000000, 0.0000, 0, 1.07453609, 0
0.00000000, 0.00000000, 0.00000000, 0.0000, 0, 1.07987690, 0
0.00000000, 0.00000000, 0.00000000, 0.0000, 0, 1.08518195, 0
0.00000000, 0.00000000, 0.00000000, 0.0000, 0, 1.09048510, 0
0.00000000, 0.00000000, 0.00000000, 0.0000, 0, 1.09580207, 0
0.00000000, 0.00000000, 0.00000000, 0.0000, 0, 1.10111189, 0
0.00000000, 0.00000000, 0.00000000, 0.0000, 0, 1.10641599, 0
0.00000000, 0.00000000, 0.00000000, 0.0000, 0, 1.11174512, 0
0.00000000, 0.00000000, 0.00000000, 0.0000, 0, 1.11709094, 0
0.00000000, 0.00000000, 0.00000000, 0.0000, 0, 1.12250710, 0
0.00000000, 0.00000000, 0.00000000, 0.0000, 0, 1.12799501, 0
0.00000000, 0.00000000, 0.00000000, 0.0000, 0, 1.13336611, 0
0.00000000, 0.00000000, 0.00000000, 0.0000, 0, 1.13869596, 0
0.00000000, 0.00000000, 0.00000000, 0.0000, 0, 1.14426398, 0
0.00000000, 0.00000000, 0.00000000, 0.0000, 0, 1.14961600, 0
0.00000000, 0.00000000, 0.00000000, 0.0000, 0, 1.15491390, 0
0.00000000, 0.00000000, 0.00000000, 0.0000, 0, 1.16033196, 0
0.00000000, 0.00000000, 0.00000000, 0.0000, 0, 1.16568589, 0
0.00000000, 0.00000000, 0.00000000, 0.0000, 0, 1.17103601, 0
0.00000000, 0.00000000, 0.00000000, 0.0000, 0, 1.17635107, 0
0.00000000, 0.00000000, 0.00000000, 0.0000, 0, 1.18166304, 0
0.00000000, 0.00000000, 0.00000000, 0.0000, 0, 1.18692207, 0
0.00000000, 0.00000000, 0.00000000, 0.0000, 0, 1.19235611, 0
0.00000000, 0.00000000, 0.00000000, 0.0000, 0, 1.19767690, 0
0.00000000, 0.00000000, 0.00000000, 0.0000, 0, 1.20305204, 0
0.00000000, 0.00000000, 0.00000000, 0.0000, 0, 1.20848989, 0
0.00000000, 0.00000000, 0.00000000, 0.0000, 0, 1.21385098, 0
0.00000000, 0.00000000, 0.00000000, 0.0000, 0, 1.21929693, 0
0.00000000, 0.00000000, 0.00000000, 0.0000, 0, 1.22478104, 0
0.00000000, 0.00000000, 0.00000000, 0.0000, 0, 1.23013711, 0
0.00000000, 0.00000000, 0.00000000, 0.0000, 0, 1.23548102, 0
0.00000000, 0.00000000, 0.00000000, 0.0000, 0, 1.24078107, 0
0.00000000, 0.00000000, 0.00000000, 0.0000, 0, 1.24609804, 0
0.00000000, 0.00000000, 0.00000000, 0.0000, 0, 1.25145888, 0
0.00000000, 0.00000000, 0.00000000, 0.0000, 0, 1.25681591, 0
0.00000000, 0.00000000, 0.00000000, 0.0000, 0, 1.26216292, 0
0.00000000, 0.00000000, 0.00000000, 0.0000, 0, 1.26746511, 0
0.00000000, 0.00000000, 0.00000000, 0.0000, 0, 1.27276993, 0
0.00000000, 0.00000000, 0.00000000, 0.0000, 0, 1.27807999, 0
0.00000000, 0.00000000, 0.00000000, 0.0000, 0, 1.28336406, 0
0.00000000, 0.00000000, 0.00000000, 0.0000, 0, 1.28869891, 0
0.00000000, 0.00000000, 0.00000000, 0.0000, 0, 1.29400301, 0
0.00000000, 0.00000000, 0.00000000, 0.0000, 0, 1.29929709, 0
0.00000000, 0.00000000, 0.00000000, 0.0000, 0, 1.30458593, 0
0.00000000, 0.00000000, 0.00000000, 0.0000, 0, 1.30983901, 0
0.00000000, 0.00000000, 0.00000000, 0.0000, 0, 1.31512809, 0
0.00000000, 0.00000000, 0.00000000, 0.0000, 0, 1.32043099, 0
0.00000000, 0.00000000, 0.00000000, 0.0000, 0, 1.32572007, 0
0.00000000, 0.00000000, 0.00000000, 0.0000, 0, 1.33096290, 0
0.00000000, 0.00000000, 0.00000000, 0.0000, 0, 1.33625889, 0
0.00000000, 0.00000000, 0.00000000, 0.0000, 0, 1.34154701, 0
0.00000000, 0.00000000, 0.00000000, 0.0000, 0, 1.34684300, 0
0.00000000, 0.00000000, 0.00000000, 0.0000, 0, 1.35216808, 0
0.00000000, 0.00000000, 0.00000000, 0.0000, 0, 1.35743690, 0
0.00000000, 0.00000000, 0.00000000, 0.0000, 0, 1.36274195, 0
0.00000000, 0.00000000, 0.00000000, 0.0000, 0, 1.36812806, 0
0.00000000, 0.00000000, 0.00000000, 0.0000, 0, 1.37341309, 0
0.00000000, 0.00000000, 0.00000000, 0.0000, 0, 1.37872195, 0
0.00000000, 0.00000000, 0.00000000, 0.0000, 0, 1.38413692, 0
0.00000000, 0.00000000, 0.00000000, 0.0000, 0, 1.38943791, 0
0.00000000, 0.00000000, 0.00000000, 0.0000, 0, 1.39474893, 0
0.00000000, 0.00000000, 0.00000000, 0.0000, 0, 1.40016890, 0
0.00000000, 0.00000000, 0.00000000, 0.0000, 0, 1.40543509, 0
0.00000000, 0.00000000, 0.00000000, 0.0000, 0, 1.41084504, 0
0.00000000, 0.00000000, 0.00000000, 0.0000, 0, 1.41623712, 0
0.00000000, 0.00000000, 0.00000000, 0.0000, 0, 1.42149496, 0
0.00000000, 0.00000000, 0.00000000, 0.0000, 0, 1.42686105, 0
0.00000000, 0.00000000, 0.00000000, 0.0000, 0, 1.43217492, 0
0.00000000, 0.00000000, 0.00000000, 0.0000, 0, 1.43753099, 0
0.00000000, 0.00000000, 0.00000000, 0.0000, 0, 1.44301891, 0
0.00000000, 0.00000000, 0.00000000, 0.0000, 0, 1.44836092, 0
0.00000000, 0.00000000, 0.00000000, 0.0000, 0, 1.45368910, 0
0.00000000, 0.00000000, 0.00000000, 0.0000, 0, 1.45902109, 0
0.00000000, 0.00000000, 0.00000000, 0.0000, 0, 1.46428895, 0
0.00000000, 0.00000000, 0.00000000, 0.0000, 0, 1.46954107, 0
0.00000000, 0.00000000, 0.00000000, 0.0000, 0, 1.47476602, 0
0.00000000, 0.00000000, 0.00000000, 0.0000, 0, 1.48004508, 0
0.00000000, 0.00000000, 0.00000000, 0.0000, 0, 1.48526907, 0
0.00000000, 0.00000000, 0.00000000, 0.0000, 0, 1.49053407, 0
0.00000000, 0.00000000, 0.00000000, 0.0000, 0, 1.49573994, 0
0.00000000, 0.00000000, 0.00000000, 0.0000, 0, 1.50095391, 0
0.00000000, 0.00000000, 0.00000000, 0.0000, 0, 1.50624299, 0
0.00000000, 0.00000000, 0.00000000, 0.0000, 0, 1.51155400, 0
0.00000000, 0.00000000, 0.00000000, 0.0000, 0, 1.51689696, 0
0.00000000, 0.00000000, 0.00000000, 0.0000, 0, 1.52222991, 0
0.00000000, 0.00000000, 0.00000000, 0.0000, 0, 1.52752709, 0
0.00000000, 0.00000000, 0.00000000, 0.0000, 0, 1.53284407, 0
0.00000000, 0.00000000, 0.00000000, 0.0000, 0, 1.53809905, 0
0.00000000, 0.00000000, 0.00000000, 0.0000, 0, 1.54333806, 0
0.00000000, 0.00000000, 0.00000000, 0.0000, 0, 1.54862189, 0
0.00000000, 0.00000000, 0.00000000, 0.0000, 0, 1.55392408, 0
0.00000000, 0.00000000, 0.00000000, 0.0000, 0, 1.55920696, 0
0.00000000, 0.00000000, 0.00000000, 0.0000, 0, 1.56451392, 0
0.00000000, 0.00000000, 0.00000000, 0.0000, 0, 1.56979704, 0
0.00000000, 0.00000000, 0.00000000, 0.0000, 0, 1.57503104, 0
0.00000000, 0.00000000, 0.00000000, 0.0000, 0, 1.58027697, 0
0.00000000, 0.00000000, 0.00000000, 0.0000, 0, 1.58551407, 0
0.00000000, 0.00000000, 0.00000000, 0.0000, 0, 1.59073901, 0
0.00000000, 0.00000000, 0.00000000, 0.0000, 0, 1.59602499, 0
0.00000000, 0.00000000, 0.00000000, 0.0000, 0, 1.60127592, 0
0.00000000, 0.00000000, 0.00000000, 0.0000, 0, 1.60650206, 0
0.00000000, 0.00000000, 0.00000000, 0.0000, 0, 1.61173606, 0
0.00000000, 0.00000000, 0.00000000, 0.0000, 0, 1.61696696, 0
0.00000000, 0.00000000, 0.00000000, 0.0000, 0, 1.62223291, 0
0.00000000, 0.00000000, 0.00000000, 0.0000, 0, 1.62747002, 0
0.00000000, 0.00000000, 0.00000000, 0.0000, 0, 1.63266802, 0
0.00000000, 0.00000000, 0.00000000, 0.0000, 0, 1.63793612, 0
0.00000000, 0.00000000, 0.00000000, 0.0000, 0, 1.64317107, 0
0.00000000, 0.00000000, 0.00000000, 0.0000, 0, 1.64837289, 0
0.00000000, 0.00000000, 0.00000000, 0.0000, 0, 1.65375805, 0
0.00000000, 0.00000000, 0.00000000, 0.0000, 0, 1.65911388, 0
0.00000000, 0.00000000, 0.00000000, 0.0000, 0, 1.66441703, 0
0.00000000, 0.00000000, 0.00000000, 0.0000, 0, 1.66970110, 0
0.00000000, 0.00000000, 0.00000000, 0.0000, 0, 1.67511511, 0
0.00000000, 0.00000000, 0.00000000, 0.0000, 0, 1.68047094, 0
0.00000000, 0.00000000, 0.00000000, 0.0000, 0, 1.68583107, 0
0.00000000, 0.00000000, 0.00000000, 0.0000, 0, 1.69134402, 0
0.00000000, 0.00000000, 0.00000000, 0.0000, 0, 1.69669795, 0
0.00000000, 0.00000000, 0.00000000, 0.0000, 0, 1.70205498, 0
0.00000000, 0.00000000, 0.00000000, 0.0000, 0, 1.70756412, 0
0.00000000, 0.00000000, 0.00000000, 0.0000, 0, 1.71287298, 0
0.00000000, 0.00000000, 0.00000000, 0.0000, 0, 1.71834993, 0
0.00000000, 0.00000000, 0.00000000, 0.0000, 0, 1.72387791, 0
0.00000000, 0.00000000, 0.00000000, 0.0000, 0, 1.72919703, 0
0.00000000, 0.00000000, 0.00000000, 0.0000, 0, 1.73461795, 0
0.00000000, 0.00000000, 0.00000000, 0.0000, 0, 1.73990393, 0
0.00000000, 0.00000000, 0.00000000, 0.0000, 0, 1.74515390, 0
0.00000000, 0.00000000, 0.00000000, 0.0000, 0, 1.75050092, 0
0.00000000, 0.00000000, 0.00000000, 0.0000, 0, 1.75579500, 0
0.00000000, 0.00000000, 0.00000000, 0.0000, 0, 1.76108098, 0
0.00000000, 0.00000000, 0.00000000, 0.0000, 0, 1.76638007, 0
0.00000000, 0.00000000, 0.00000000, 0.0000, 0, 1.77170992, 0
0.00000000, 0.00000000, 0.00000000, 0.0000, 0, 1.77699590, 0
0.00000000, 0.00000000, 0.00000000, 0.0000, 0, 1.78231406, 0
0.00000000, 0.00000000, 0.00000000, 0.0000, 0, 1.78757811, 0
0.00000000, 0.00000000, 0.00000000, 0.0000, 0, 1.79295206, 0
0.00000000, 0.00000000, 0.00000000, 0.0000, 0, 1.79823899, 0
0.00000000, 0.00000000, 0.00000000, 0.0000, 0, 1.80354309, 0
0.00000000, 0.00000000, 0.00000000, 0.0000, 0, 1.80890989, 0
0.00000000, 0.00000000, 0.00000000, 0.0000, 0, 1.81419301, 0
0.00000000, 0.00000000, 0.00000000, 0.0000, 0, 1.81948090, 0
0.00000000, 0.00000000, 0.00000000, 0.0000, 0, 1.82478595, 0
0.00000000, 0.00000000, 0.00000000, 0.0000, 0, 1.83006501, 0
0.00000000, 0.00000000, 0.00000000, 0.0000, 0, 1.83535290, 0
0.00000000, 0.00000000, 0.00000000, 0.0000, 0, 1.84064794, 0
0.00000000, 0.00000000, 0.00000000, 0.0000, 0, 1.84593511, 0
0.00000000, 0.00000000, 0.00000000, 0.0000, 0, 1.85122108, 0
0.00000000, 0.00000000, 0.00000000, 0.0000, 0, 1.85659194, 0
0.00000000, 0.00000000, 0.00000000, 0.0000, 0, 1.86193895, 0
0.00000000, 0.00000000, 0.00000000, 0.0000, 0, 1.86728692, 0
0.00000000, 0.00000000, 0.00000000, 0.0000, 0, 1.87258911, 0
0.00000000, 0.00000000, 0.00000000, 0.0000, 0, 1.87789392, 0
0.00000000, 0.00000000, 0.00000000, 0.0000, 0, 1.88315296, 0
0.00000000, 0.00000000, 0.00000000, 0.0000, 0, 1.88848805, 0
0.00000000, 0.00000000, 0.00000000, 0.0000, 0, 1.89377093, 0
0.00000000, 0.00000000, 0.00000000, 0.0000, 0, 1.89905310, 0
0.00000000, 0.00000000, 0.00000000, 0.0000, 0, 1.90434504, 0
0.00000000, 0.00000000, 0.00000000, 0.0000, 0, 1.90965009, 0
0.00000000, 0.00000000, 0.00000000, 0.0000, 0, 1.91493106, 0
0.00000000, 0.00000000, 0.00000000, 0.0000, 0, 1.92022109, 0
0.00000000, 0.00000000, 0.00000000, 0.0000, 0, 1.92552495, 0
0.00000000, 0.00000000, 0.00000000, 0.0000, 0, 1.93083811, 0
0.00000000, 0.00000000, 0.00000000, 0.0000, 0, 1.93612099, 0
0.00000000, 0.00000000, 0.00000000, 0.0000, 0, 1.94143009, 0
0.00000000, 0.00000000, 0.00000000, 0.0000, 0, 1.94670892, 0
0.00000000, 0.00000000, 0.00000000, 0.0000, 0, 1.95203590, 0
0.00000000, 0.00000000, 0.00000000, 0.0000, 0, 1.95734096, 0
0.00000000, 0.00000000, 0.00000000, 0.0000, 0, 1.96263003, 0
0.00000000, 0.00000000, 0.00000000, 0.0000, 0, 1.96797705, 0
0.00000000, 0.00000000, 0.00000000, 0.0000, 0, 1.97327995, 0
0.00000000, 0.00000000, 0.00000000, 0.0000, 0, 1.97855902, 0
0.00000000, 0.00000000, 0.00000000, 0.0000, 0, 1.98386312, 0
0.00000000, 0.00000000, 0.00000000, 0.0000, 0, 1.98916793, 0
0.00000000, 0.00000000, 0.00000000, 0.0000, 0, 1.99444699, 0
0.00000000, 0.00000000, 0.00000000, 0.0000, 0, 1.99972606, 0
0.00000000, 0.00000000, 0.00000000, 0.0000, 0, 2.00509095, 0
0.00000000, 0.00000000, 0.00000000, 0.0000, 0, 2.01043391, 0
0.00000000, 0.00000000, 0.00000000, 0.0000, 0, 2.01582503, 0
0.00000000, 0.00000000, 0.00000000, 0.0000, 0, 2.02116203, 0
0.00000000, 0.00000000, 0.00000000, 0.0000, 0, 2.02649593, 0
0.00000000, 0.00000000, 0.00000000, 0.0000, 0, 2.03178096, 0
0.00000000, 0.00000000, 0.00000000, 0.0000, 0, 2.03708410, 0
0.00000000, 0.00000000, 0.00000000, 0.0000, 0, 2.04240799, 0
0.00000000, 0.00000000, 0.00000000, 0.0000, 0, 2.04768705, 0
0.00000000, 0.00000000, 0.00000000, 0.0000, 0, 2.05296707, 0
0.00000000, 0.00000000, 0.00000000, 0.0000, 0, 2.05824995, 0
0.00000000, 0.00000000, 0.00000000, 0.0000, 0, 2.06356907, 0
0.00000000, 0.00000000, 0.00000000, 0.0000, 0, 2.06894112, 0
0.00000000, 0.00000000, 0.00000000, 0.0000, 0, 2.07447600, 0
0.00000000, 0.00000000, 0.00000000, 0.0000, 0, 2.07984495, 0
0.00000000, 0.00000000, 0.00000000, 0.0000, 0, 2.08519506, 0
0.00000000, 0.00000000, 0.00000000, 0.0000, 0, 2.09051299, 0
0.00000000, 0.00000000, 0.00000000, 0.0000, 0, 2.09582210, 0
0.00000000, 0.00000000, 0.00000000, 0.0000, 0, 2.10114002, 0
0.00000000, 0.00000000, 0.00000000, 0.0000, 0, 2.10644197, 0
0.00000000, 0.00000000, 0.00000000, 0.0000, 0, 2.11172104, 0
0.00000000, 0.00000000, 0.00000000, 0.0000, 0, 2.11702800, 0
0.00000000, 0.00000000, 0.00000000, 0.0000, 0, 2.12232900, 0
0.00000000, 0.00000000, 0.00000000, 0.0000, 0, 2.12764907, 0
0.00000000, 0.00000000, 0.00000000, 0.0000, 0, 2.13295197, 0
0.00000000, 0.00000000, 0.00000000, 0.0000, 0, 2.13825202, 0
0.00000000, 0.00000000, 0.00000000, 0.0000, 0, 2.14352989, 0
0.00000000, 0.00000000, 0.00000000, 0.0000, 0, 2.14883208, 0
0.00000000, 0.00000000, 0.00000000, 0.0000, 0, 2.15412211, 0
0.00000000, 0.00000000, 0.00000000, 0.0000, 0, 2.15942407, 0
0.00000000, 0.00000000, 0.00000000, 0.0000, 0, 2.16471291, 0
0.00000000, 0.00000000, 0.00000000, 0.0000, 0, 2.16998506, 0
0.00000000, 0.00000000, 0.00000000, 0.0000, 0, 2.17527294, 0
0.00000000, 0.00000000, 0.00000000, 0.0000, 0, 2.18056107, 0
0.00000000, 0.00000000, 0.00000000, 0.0000, 0, 2.18582106, 0
0.00000000, 0.00000000, 0.00000000, 0.0000, 0, 2.19111109, 0
0.00000000, 0.00000000, 0.00000000, 0.0000, 0, 2.19640899, 0
0.00000000, 0.00000000, 0.00000000, 0.0000, 0, 2.20170498, 0
0.00000000, 0.00000000, 0.00000000, 0.0000, 0, 2.20699596, 0
0.00000000, 0.00000000, 0.00000000, 0.0000, 0, 2.21226907, 0
0.00000000, 0.00000000, 0.00000000, 0.0000, 0, 2.21756005, 0
0.00000000, 0.00000000, 0.00000000, 0.0000, 0, 2.22285008, 0
0.00000000, 0.00000000, 0.00000000, 0.0000, 0, 2.22811198, 0
0.00000000, 0.00000000, 0.00000000, 0.0000, 0, 2.23340392, 0
0.00000000, 0.00000000, 0.00000000, 0.0000, 0, 2.23868799, 0
0.00000000, 0.00000000, 0.00000000, 0.0000, 0, 2.24395108, 0
0.00000000, 0.00000000, 0.00000000, 0.0000, 0, 2.24924302, 0
0.00000000, 0.00000000, 0.00000000, 0.0000, 0, 2.25450706, 0
0.00000000, 0.00000000, 0.00000000, 0.0000, 0, 2.25980592, 0
0.00000000, 0.00000000, 0.00000000, 0.0000, 0, 2.26505899, 0
0.00000000, 0.00000000, 0.00000000, 0.0000, 0, 2.27030301, 0
0.00000000, 0.00000000, 0.00000000, 0.0000, 0, 2.27572489, 0
0.00000000, 0.00000000, 0.00000000, 0.0000, 0, 2.28121209, 0
0.00000000, 0.00000000, 0.00000000, 0.0000, 0, 2.28657699, 0
0.00000000, 0.00000000, 0.00000000, 0.0000, 0, 2.29204106, 0
0.00000000, 0.00000000, 0.00000000, 0.0000, 0, 2.29739189, 0
0.00000000, 0.00000000, 0.00000000, 0.0000, 0, 2.30267692, 0
0.00000000, 0.00000000, 0.00000000, 0.0000, 0, 2.30793905, 0
0.00000000, 0.00000000, 0.00000000, 0.0000, 0, 2.31321692, 0
0.00000000, 0.00000000, 0.00000000, 0.0000, 0, 2.31846809, 0
0.00000000, 0.00000000, 0.00000000, 0.0000, 0, 2.32367706, 0
0.00000000, 0.00000000, 0.00000000, 0.0000, 0, 2.32891893, 0
0.00000000, 0.00000000, 0.00000000, 0.0000, 0, 2.33425808, 0
0.00000000, 0.00000000, 0.00000000, 0.0000, 0, 2.33948588, 0
0.00000000, 0.00000000, 0.00000000, 0.0000, 0, 2.34471893, 0
0.00000000, 0.00000000, 0.00000000, 0.0000, 0, 2.34995699, 0
0.00000000, 0.00000000, 0.00000000, 0.0000, 0, 2.35520697, 0
0.00000000, 0.00000000, 0.00000000, 0.0000, 0, 2.36051989, 0
0.00000000, 0.00000000, 0.00000000, 0.0000, 0, 2.36583495, 0
0.00000000, 0.00000000, 0.00000000, 0.0000, 0, 2.37122798, 0
0.00000000, 0.00000000, 0.00000000, 0.0000, 0, 2.37670207, 0
0.00000000, 0.00000000, 0.00000000, 0.0000, 0, 2.38206601, 0
0.00000000, 0.00000000, 0.00000000, 0.0000, 0, 2.38737798, 0
0.00000000, 0.00000000, 0.00000000, 0.0000, 0, 2.39288712, 0
0.00000000, 0.00000000, 0.00000000, 0.0000, 0, 2.39818406, 0
0.00000000, 0.00000000, 0.00000000, 0.0000, 0, 2.40346289, 0
0.00000000, 0.00000000, 0.00000000, 0.0000, 0, 2.40891194, 0
0.00000000, 0.00000000, 0.00000000, 0.0000, 0, 2.41422892, 0
0.00000000, 0.00000000, 0.00000000, 0.0000, 0, 2.41949606, 0
0.00000000, 0.00000000, 0.00000000, 0.0000, 0, 2.42492890, 0
0.00000000, 0.00000000, 0.00000000, 0.0000, 0, 2.43021703, 0
0.00000000, 0.00000000, 0.00000000, 0.0000, 0, 2.43546796, 0
0.00000000, 0.00000000, 0.00000000, 0.0000, 0, 2.44085693, 0
0.00000000, 0.00000000, 0.00000000, 0.0000, 0, 2.44616604, 0
0.00000000, 0.00000000, 0.00000000, 0.0000, 0, 2.45146704, 0
0.00000000, 0.00000000, 0.00000000, 0.0000, 0, 2.45683908, 0
0.00000000, 0.00000000, 0.00000000, 0.0000, 0, 2.46208692, 0
0.00000000, 0.00000000, 0.00000000, 0.0000, 0, 2.46739101, 0
0.00000000, 0.00000000, 0.00000000, 0.0000, 0, 2.47269797, 0
0.00000000, 0.00000000, 0.00000000, 0.0000, 0, 2.47794890, 0
0.00000000, 0.00000000, 0.00000000, 0.0000, 0, 2.48333907, 0
0.00000000, 0.00000000, 0.00000000, 0.0000, 0, 2.48867297, 0
0.00000000, 0.00000000, 0.00000000, 0.0000, 0, 2.49394488, 0
0.00000000, 0.00000000, 0.00000000, 0.0000, 0, 2.49945092, 0
0.00000000, 0.00000000, 0.00000000, 0.0000, 0, 2.50480008, 0
0.00000000, 0.00000000, 0.00000000, 0.0000, 0, 2.51012707, 0
0.00000000, 0.00000000, 0.00000000, 0.0000, 0, 2.51555705, 0
0.00000000, 0.00000000, 0.00000000, 0.0000, 0, 2.52091503, 0
0.00000000, 0.00000000, 0.00000000, 0.0000, 0, 2.52625704, 0
0.00000000, 0.00000000, 0.00000000, 0.0000, 0, 2.53156400, 0
0.00000000, 0.00000000, 0.00000000, 0.0000, 0, 2.53686404, 0
0.00000000, 0.00000000, 0.00000000, 0.0000, 0, 2.54226995, 0
0.00000000, 0.00000000, 0.00000000, 0.0000, 0, 2.54757190, 0
0.00000000, 0.00000000, 0.00000000, 0.0000, 0, 2.55284691, 0
0.00000000, 0.00000000, 0.00000000, 0.0000, 0, 2.55824304, 0
0.00000000, 0.00000000, 0.00000000, 0.0000, 0, 2.56354403, 0
0.00000000, 0.00000000, 0.00000000, 0.0000, 0, 2.56879306, 0
0.00000000, 0.00000000, 0.00000000, 0.0000, 0, 2.57418108, 0
0.00000000, 0.00000000, 0.00000000, 0.0000, 0, 2.57950401, 0
0.00000000, 0.00000000, 0.00000000, 0.0000, 0, 2.58480597, 0
0.00000000, 0.00000000, 0.00000000, 0.0000, 0, 2.59017110, 0
0.00000000, 0.00000000, 0.00000000, 0.0000, 0, 2.59541798, 0
0.00000000, 0.00000000, 0.00000000, 0.0000, 0, 2.60072088, 0
0.00000000, 0.00000000, 0.00000000, 0.0000, 0, 2.60600805, 0
0.00000000, 0.00000000, 0.00000000, 0.0000, 0, 2.61130190, 0
0.00000000, 0.00000000, 0.00000000, 0.0000, 0, 2.61667991, 0
0.00000000, 0.00000000, 0.00000000, 0.0000, 0, 2.62194204, 0
0.00000000, 0.00000000, 0.00000000, 0.0000, 0, 2.62717509, 0
0.00000000, 0.00000000, 0.00000000, 0.0000, 0, 2.63252401, 0
0.00000000, 0.00000000, 0.00000000, 0.0000, 0, 2.63777494, 0
0.00000000, 0.00000000, 0.00000000, 0.0000, 0, 2.64312196, 0
0.00000000, 0.00000000, 0.00000000, 0.0000, 0, 2.64855194, 0
0.00000000, 0.00000000, 0.00000000, 0.0000, 0, 2.65386701, 0
0.00000000, 0.00000000, 0.00000000, 0.0000, 0, 2.65946794, 0
0.00000000, 0.00000000, 0.00000000, 0.0000, 0, 2.66483092, 0
0.00000000, 0.00000000, 0.00000000, 0.0000, 0, 2.67013097, 0
0.00000000, 0.00000000, 0.00000000, 0.0000, 0, 2.67548704, 0
0.00000000, 0.00000000, 0.00000000, 0.0000, 0, 2.68078804, 0
0.00000000, 0.00000000, 0.00000000, 0.0000, 0, 2.68603611, 0
0.00000000, 0.00000000, 0.00000000, 0.0000, 0, 2.69143105, 0
0.00000000, 0.00000000, 0.00000000, 0.0000, 0, 2.69674110, 0
0.00000000, 0.00000000, 0.00000000, 0.0000, 0, 2.70198798, 0
0.00000000, 0.00000000, 0.00000000, 0.0000, 0, 2.70742607, 0
0.00000000, 0.00000000, 0.00000000, 0.0000, 0, 2.71278310, 0
0.00000000, 0.00000000, 0.00000000, 0.0000, 0, 2.71824288, 0
0.00000000, 0.00000000, 0.00000000, 0.0000, 0, 2.72383404, 0
0.00000000, 0.00000000, 0.00000000, 0.0000, 0, 2.72916889, 0
0.00000000, 0.00000000, 0.00000000, 0.0000, 0, 2.73453689, 0
0.00000000, 0.00000000, 0.00000000, 0.0000, 0, 2.73985791, 0
0.00000000, 0.00000000, 0.00000000, 0.0000, 0, 2.74512792, 0
0.00000000, 0.00000000, 0.00000000, 0.0000, 0, 2.75055909, 0
0.00000000, 0.00000000, 0.00000000, 0.0000, 0, 2.75585508, 0
0.00000000, 0.00000000, 0.00000000, 0.0000, 0, 2.76112103, 0
0.00000000, 0.00000000, 0.00000000, 0.0000, 0, 2.76650810, 0
0.00000000, 0.00000000, 0.00000000, 0.0000, 0, 2.77181911, 0
0.00000000, 0.00000000, 0.00000000, 0.0000, 0, 2.77706695, 0
0.00000000, 0.00000000, 0.00000000, 0.0000, 0, 2.78243589, 0
0.00000000, 0.00000000, 0.00000000, 0.0000, 0, 2.78774595, 0
0.00000000, 0.00000000, 0.00000000, 0.0000, 0, 2.79304790, 0
0.00000000, 0.00000000, 0.00000000, 0.0000, 0, 2.79837394, 0
0.00000000, 0.00000000, 0.00000000, 0.0000, 0, 2.80363488, 0
0.00000000, 0.00000000, 0.00000000, 0.0000, 0, 2.80895495, 0
0.00000000, 0.00000000, 0.00000000, 0.0000, 0, 2.81425691, 0
0.00000000, 0.00000000, 0.00000000, 0.0000, 0, 2.81950402, 0
0.00000000, 0.00000000, 0.00000000, 0.0000, 0, 2.82489705, 0
0.00000000, 0.00000000, 0.00000000, 0.0000, 0, 2.83019495, 0
0.00000000, 0.00000000, 0.00000000, 0.0000, 0, 2.83544612, 0
0.00000000, 0.00000000, 0.00000000, 0.0000, 0, 2.84083200, 0
0.00000000, 0.00000000, 0.00000000, 0.0000, 0, 2.84619498, 0
0.00000000, 0.00000000, 0.00000000, 0.0000, 0, 2.85149789, 0
0.00000000, 0.00000000, 0.00000000, 0.0000, 0, 2.85685110, 0
0.00000000, 0.00000000, 0.00000000, 0.0000, 0, 2.86211205, 0
0.00000000, 0.00000000, 0.00000000, 0.0000, 0, 2.86751509, 0
0.00000000, 0.00000000, 0.00000000, 0.0000, 0, 2.87281799, 0
0.00000000, 0.00000000, 0.00000000, 0.0000, 0, 2.87806892, 0
0.00000000, 0.00000000, 0.00000000, 0.0000, 0, 2.88346100, 0
0.00000000, 0.00000000, 0.00000000, 0.0000, 0, 2.88876104, 0
0.00000000, 0.00000000, 0.00000000, 0.0000, 0, 2.89400792, 0
0.00000000, 0.00000000, 0.00000000, 0.0000, 0, 2.89938688, 0
0.00000000, 0.00000000, 0.00000000, 0.0000, 0, 2.90469408, 0
0.00000000, 0.00000000, 0.00000000, 0.0000, 0, 2.90995789, 0
0.00000000, 0.00000000, 0.00000000, 0.0000, 0, 2.91530609, 0
0.00000000, 0.00000000, 0.00000000, 0.0000, 0, 2.92059493, 0
0.00000000, 0.00000000, 0.00000000, 0.0000, 0, 2.92589593, 0
0.00000000, 0.00000000, 0.00000000, 0.0000, 0, 2.93118405, 0
0.00000000, 0.00000000, 0.00000000, 0.0000, 0, 2.93641901, 0
0.00000000, 0.00000000, 0.00000000, 0.0000, 0, 2.94177103, 0
0.00000000, 0.00000000, 0.00000000, 0.0000, 0, 2.94716692, 0
0.00000000, 0.00000000, 0.00000000, 0.0000, 0, 2.95250893, 0
0.00000000, 0.00000000, 0.00000000, 0.0000, 0, 2.95796490, 0
0.00000000, 0.00000000, 0.00000000, 0.0000, 0, 2.96331406, 0
0.00000000, 0.00000000, 0.00000000, 0.0000, 0, 2.96864605, 0
0.00000000, 0.00000000, 0.00000000, 0.0000, 0, 2.97396493, 0
0.00000000, 0.00000000, 0.00000000, 0.0000, 0, 2.97927999, 0
0.00000000, 0.00000000, 0.00000000, 0.0000, 0, 2.98480797, 0
0.00000000, 0.00000000, 0.00000000, 0.0000, 0, 2.99032092, 0
0.00000000, 0.00000000, 0.00000000, 0.0000, 0, 2.99568510, 0
0.00000000, 0.00000000, 0.00000000, 0.0000, 0, 3.00105309, 0
0.00000000, 0.00000000, 0.00000000, 0.0000, 0, 3.00637388, 0
0.00000000, 0.00000000, 0.00000000, 0.0000, 0, 3.01167512, 0
0.00000000, 0.00000000, 0.00000000, 0.0000, 0, 3.01699805, 0
0.00000000, 0.00000000, 0.00000000, 0.0000, 0, 3.02231407, 0
0.00000000, 0.00000000, 0.00000000, 0.0000, 0, 3.02759194, 0
0.00000000, 0.00000000, 0.00000000, 0.0000, 0, 3.03289509, 0
0.00000000, 0.00000000, 0.00000000, 0.0000, 0, 3.03819704, 0
0.00000000, 0.00000000, 0.00000000, 0.0000, 0, 3.04347610, 0
0.00000000, 0.00000000, 0.00000000, 0.0000, 0, 3.04877996, 0
0.00000000, 0.00000000, 0.00000000, 0.0000, 0, 3.05406809, 0
0.00000000, 0.00000000, 0.00000000, 0.0000, 0, 3.05936909, 0
0.00000000, 0.00000000, 0.00000000, 0.0000, 0, 3.06467509, 0
0.00000000, 0.00000000, 0.00000000, 0.0000, 0, 3.06993699, 0
0.00000000, 0.00000000, 0.00000000, 0.0000, 0, 3.07522702, 0
0.00000000, 0.00000000, 0.00000000, 0.0000, 0, 3.08053088, 0
0.00000000, 0.00000000, 0.00000000, 0.0000, 0, 3.08579493, 0
0.00000000, 0.00000000, 0.00000000, 0.0000, 0, 3.09108591, 0
0.00000000, 0.00000000, 0.00000000, 0.0000, 0, 3.09638309, 0
0.00000000, 0.00000000, 0.00000000, 0.0000, 0, 3.10167503, 0
0.00000000, 0.00000000, 0.00000000, 0.0000, 0, 3.10696602, 0
0.00000000, 0.00000000, 0.00000000, 0.0000, 0, 3.11224890, 0
0.00000000, 0.00000000, 0.00000000, 0.0000, 0, 3.11754298, 0
0.00000000, 0.00000000, 0.00000000, 0.0000, 0, 3.12283206, 0
0.00000000, 0.00000000, 0.00000000, 0.0000, 0, 3.12809896, 0
0.00000000, 0.00000000, 0.00000000, 0.0000, 0, 3.13339210, 0
0.00000000, 0.00000000, 0.00000000, 0.0000, 0, 3.13868189, 0
0.00000000, 0.00000000, 0.00000000, 0.0000, 0, 3.14398193, 0
0.00000000, 0.00000000, 0.00000000, 0.0000, 0, 3.14927292, 0
0.00000000, 0.00000000, 0.00000000, 0.0000, 0, 3.15457201, 0
0.00000000, 0.00000000, 0.00000000, 0.0000, 0, 3.15987492, 0
0.00000000, 0.00000000, 0.00000000, 0.0000, 0, 3.16516495, 0
0.00000000, 0.00000000, 0.00000000, 0.0000, 0, 3.17043900, 0
0.00000000, 0.00000000, 0.00000000, 0.0000, 0, 3.17572093, 0
0.00000000, 0.00000000, 0.00000000, 0.0000, 0, 3.18101406, 0
0.00000000, 0.00000000, 0.00000000, 0.0000, 0, 3.18627691, 0
0.00000000, 0.00000000, 0.00000000, 0.0000, 0, 3.19156909, 0
0.00000000, 0.00000000, 0.00000000, 0.0000, 0, 3.19685602, 0
0.00000000, 0.00000000, 0.00000000, 0.0000, 0, 3.20216703, 0
0.00000000, 0.00000000, 0.00000000, 0.0000, 0, 3.20745897, 0
0.00000000, 0.00000000, 0.00000000, 0.0000, 0, 3.21277308, 0
0.00000000, 0.00000000, 0.00000000, 0.0000, 0, 3.21807408, 0
0.00000000, 0.00000000, 0.00000000, 0.0000, 0, 3.22352195, 0
0.00000000, 0.00000000, 0.00000000, 0.0000, 0, 3.22888589, 0
0.00000000, 0.00000000, 0.00000000, 0.0000, 0, 3.23439598, 0
0.00000000, 0.00000000, 0.00000000, 0.0000, 0, 3.23977995, 0
0.00000000, 0.00000000, 0.00000000, 0.0000, 0, 3.24512601, 0
0.00000000, 0.00000000, 0.00000000, 0.0000, 0, 3.25044799, 0
0.00000000, 0.00000000, 0.00000000, 0.0000, 0, 3.25577593, 0
0.00000000, 0.00000000, 0.00000000, 0.0000, 0, 3.26108599, 0
0.00000000, 0.00000000, 0.00000000, 0.0000, 0, 3.26661110, 0
0.00000000, 0.00000000, 0.00000000, 0.0000, 0, 3.27211189, 0
0.00000000, 0.00000000, 0.00000000, 0.0000, 0, 3.27748704, 0
0.00000000, 0.00000000, 0.00000000, 0.0000, 0, 3.28287911, 0
0.00000000, 0.00000000, 0.00000000, 0.0000, 0, 3.28820300, 0
0.00000000, 0.00000000, 0.00000000, 0.0000, 0, 3.29357791, 0
0.00000000, 0.00000000, 0.00000000, 0.0000, 0, 3.29902911, 0
0.00000000, 0.00000000, 0.00000000, 0.0000, 0, 3.30443597, 0
0.00000000, 0.00000000, 0.00000000, 0.0000, 0, 3.30996394, 0
0.00000000, 0.00000000, 0.00000000, 0.0000, 0, 3.31557107, 0
0.00000000, 0.00000000, 0.00000000, 0.0000, 0, 3.32093501, 0
0.00000000, 0.00000000, 0.00000000, 0.0000, 0, 3.32630110, 0
0.00000000, 0.00000000, 0.00000000, 0.0000, 0, 3.33157206, 0
0.00000000, 0.00000000, 0.00000000, 0.0000, 0, 3.33698106, 0
0.00000000, 0.00000000, 0.00000000, 0.0000, 0, 3.34250689, 0
0.00000000, 0.00000000, 0.00000000, 0.0000, 0, 3.34783912, 0
0.00000000, 0.00000000, 0.00000000, 0.0000, 0, 3.35330296, 0
0.00000000, 0.00000000, 0.00000000, 0.0000, 0, 3.35882592, 0
0.00000000, 0.00000000, 0.00000000, 0.0000, 0, 3.36418009, 0
0.00000000, 0.00000000, 0.00000000, 0.0000, 0, 3.36949492, 0
0.00000000, 0.00000000, 0.00000000, 0.0000, 0, 3.37483311, 0
0.00000000, 0.00000000, 0.00000000, 0.0000, 0, 3.38016105, 0
0.00000000, 0.00000000, 0.00000000, 0.0000, 0, 3.38545895, 0
0.00000000, 0.00000000, 0.00000000, 0.0000, 0, 3.39078093, 0
0.00000000, 0.00000000, 0.00000000, 0.0000, 0, 3.39614105, 0
0.00000000, 0.00000000, 0.00000000, 0.0000, 0, 3.40146899, 0
0.00000000, 0.00000000, 0.00000000, 0.0000, 0, 3.40677190, 0
0.00000000, 0.00000000, 0.00000000, 0.0000, 0, 3.41209888, 0
0.00000000, 0.00000000, 0.00000000, 0.0000, 0, 3.41738296, 0
0.00000000, 0.00000000, 0.00000000, 0.0000, 0, 3.42285490, 0
0.00000000, 0.00000000, 0.00000000, 0.0000, 0, 3.42815900, 0
0.00000000, 0.00000000, 0.00000000, 0.0000, 0, 3.43351293, 0
0.00000000, 0.00000000, 0.00000000, 0.0000, 0, 3.43894100, 0
0.00000000, 0.00000000, 0.00000000, 0.0000, 0, 3.44421911, 0
0.00000000, 0.00000000, 0.00000000, 0.0000, 0, 3.44965005, 0
0.00000000, 0.00000000, 0.00000000, 0.0000, 0, 3.45493007, 0
0.00000000, 0.00000000, 0.00000000, 0.0000, 0, 3.46032000, 0
0.00000000, 0.00000000, 0.00000000, 0.0000, 0, 3.46568894, 0
0.00000000, 0.00000000, 0.00000000, 0.0000, 0, 3.47094989, 0
0.00000000, 0.00000000, 0.00000000, 0.0000, 0, 3.47630596, 0
0.00000000, 0.00000000, 0.00000000, 0.0000, 0, 3.48165488, 0
0.00000000, 0.00000000, 0.00000000, 0.0000, 0, 3.48699999, 0
0.00000000, 0.00000000, 0.00000000, 0.0000, 0, 3.49226308, 0
0.00000000, 0.00000000, 0.00000000, 0.0000, 0, 3.49765396, 0
0.00000000, 0.00000000, 0.00000000, 0.0000, 0, 3.50302505, 0
0.00000000, 0.00000000, 0.00000000, 0.0000, 0, 3.50834298, 0
0.00000000, 0.00000000, 0.00000000, 0.0000, 0, 3.51363206, 0
0.00000000, 0.00000000, 0.00000000, 0.0000, 0, 3.51895690, 0
0.00000000, 0.00000000, 0.00000000, 0.0000, 0, 3.52437806, 0
0.00000000, 0.00000000, 0.00000000, 0.0000, 0, 3.52971911, 0
0.00000000, 0.00000000, 0.00000000, 0.0000, 0, 3.53506994, 0
0.00000000, 0.00000000, 0.00000000, 0.0000, 0, 3.54041505, 0
0.00000000, 0.00000000, 0.00000000, 0.0000, 0, 3.54576707, 0
0.00000000, 0.00000000, 0.00000000, 0.0000, 0, 3.55110312, 0
0.00000000, 0.00000000, 0.00000000, 0.0000, 0, 3.55651689, 0
0.00000000, 0.00000000, 0.00000000, 0.0000, 0, 3.56186509, 0
0.00000000, 0.00000000, 0.00000000, 0.0000, 0, 3.56719089, 0
0.00000000, 0.00000000, 0.00000000, 0.0000, 0, 3.57271099, 0
0.00000000, 0.00000000, 0.00000000, 0.0000, 0, 3.57800698, 0
0.00000000, 0.00000000, 0.00000000, 0.0000, 0, 3.58335996, 0
0.00000000, 0.00000000, 0.00000000, 0.0000, 0, 3.58888197, 0
0.00000000, 0.00000000, 0.00000000, 0.0000, 0, 3.59418988, 0
0.00000000, 0.00000000, 0.00000000, 0.0000, 0, 3.59952307, 0
0.00000000, 0.00000000, 0.00000000, 0.0000, 0, 3.60499191, 0
0.00000000, 0.00000000, 0.00000000, 0.0000, 0, 3.61028790, 0
0.00000000, 0.00000000, 0.00000000, 0.0000, 0, 3.61553407, 0
0.00000000, 0.00000000, 0.00000000, 0.0000, 0, 3.62087011, 0
0.00000000, 0.00000000, 0.00000000, 0.0000, 0, 3.62616396, 0
0.00000000, 0.00000000, 0.00000000, 0.0000, 0, 3.63141704, 0
0.00000000, 0.00000000, 0.00000000, 0.0000, 0, 3.63678098, 0
0.00000000, 0.00000000, 0.00000000, 0.0000, 0, 3.64224792, 0
0.00000000, 0.00000000, 0.00000000, 0.0000, 0, 3.64755011, 0
0.00000000, 0.00000000, 0.00000000, 0.0000, 0, 3.65289497, 0
0.00000000, 0.00000000, 0.00000000, 0.0000, 0, 3.65816808, 0
0.00000000, 0.00000000, 0.00000000, 0.0000, 0, 3.66343904, 0
0.00000000, 0.00000000, 0.00000000, 0.0000, 0, 3.66871190, 0
0.00000000, 0.00000000, 0.00000000, 0.0000, 0, 3.67401791, 0
0.00000000, 0.00000000, 0.00000000, 0.0000, 0, 3.67930603, 0
0.00000000, 0.00000000, 0.00000000, 0.0000, 0, 3.68458104, 0
0.00000000, 0.00000000, 0.00000000, 0.0000, 0, 3.69000793, 0
0.00000000, 0.00000000, 0.00000000, 0.0000, 0, 3.69525599, 0
0.00000000, 0.00000000, 0.00000000, 0.0000, 0, 3.70052600, 0
0.00000000, 0.00000000, 0.00000000, 0.0000, 0, 3.70604491, 0
0.00000000, 0.00000000, 0.00000000, 0.0000, 0, 3.71140409, 0
0.00000000, 0.00000000, 0.00000000, 0.0000, 0, 3.71678305, 0
0.00000000, 0.00000000, 0.00000000, 0.0000, 0, 3.72230101, 0
0.00000000, 0.00000000, 0.00000000, 0.0000, 0, 3.72759199, 0
0.00000000, 0.00000000, 0.00000000, 0.0000, 0, 3.73287392, 0
0.00000000, 0.00000000, 0.00000000, 0.0000, 0, 3.73836088, 0
0.00000000, 0.00000000, 0.00000000, 0.0000, 0, 3.74365306, 0
0.00000000, 0.00000000, 0.00000000, 0.0000, 0, 3.74890590, 0
0.00000000, 0.00000000, 0.00000000, 0.0000, 0, 3.75428200, 0
0.00000000, 0.00000000, 0.00000000, 0.0000, 0, 3.75958991, 0
0.00000000, 0.00000000, 0.00000000, 0.0000, 0, 3.76483798, 0
0.00000000, 0.00000000, 0.00000000, 0.0000, 0, 3.77021790, 0
0.00000000, 0.00000000, 0.00000000, 0.0000, 0, 3.77551103, 0
0.00000000, 0.00000000, 0.00000000, 0.0000, 0, 3.78076410, 0
0.00000000, 0.00000000, 0.00000000, 0.0000, 0, 3.78609800, 0
0.00000000, 0.00000000, 0.00000000, 0.0000, 0, 3.79139900, 0
0.00000000, 0.00000000, 0.00000000, 0.0000, 0, 3.79665208, 0
